Wavelength (nm),OD,% Transmission
190,56.59624458,2.5337E-55
191,56.93023198,1.17427E-55
192,56.9309485,1.17233E-55
193,56.97158806,1.06761E-55
194,57.09588107,8.01898E-56
195,56.98824065,1.02745E-55
196,56.9963038,1.00855E-55
197,57.0657669,8.59475E-56
198,57.0572242,8.76548E-56
199,57.13286234,7.3644E-56
200,57.2023844,6.27503E-56
201,57.17280985,6.71723E-56
202,57.25760818,5.52576E-56
203,57.31489143,4.84293E-56
204,57.39774379,4.00181E-56
205,57.39721307,4.0067E-56
206,57.46719131,3.41043E-56
207,57.48435458,3.27828E-56
208,57.57866471,2.63837E-56
209,57.61887035,2.40508E-56
210,57.61197433,2.44358E-56
211,57.71137469,1.94368E-56
212,57.70643354,1.96592E-56
213,57.77016887,1.69758E-56
214,57.73641309,1.83479E-56
215,57.78398538,1.64443E-56
216,57.78475866,1.6415E-56
217,57.84148447,1.44051E-56
218,57.85225686,1.40522E-56
219,57.81984513,1.5141E-56
220,57.88430922,1.30524E-56
221,57.83131624,1.47463E-56
222,57.87583996,1.33094E-56
223,57.8564392,1.39175E-56
224,57.85181515,1.40665E-56
225,57.840887,1.44249E-56
226,57.87475404,1.33428E-56
227,57.83323106,1.46814E-56
228,57.81226262,1.54077E-56
229,57.8483371,1.41796E-56
230,57.84173036,1.43969E-56
231,57.86344648,1.36947E-56
232,57.82802066,1.48586E-56
233,57.8117141,1.54272E-56
234,57.82683127,1.48994E-56
235,57.82789827,1.48628E-56
236,57.83767264,1.45321E-56
237,57.83535616,1.46098E-56
238,57.81038341,1.54745E-56
239,57.82474288,1.49712E-56
240,57.85511518,1.396E-56
241,57.85113868,1.40884E-56
242,57.85883356,1.3841E-56
243,57.83851489,1.45039E-56
244,57.86577297,1.36216E-56
245,57.86700241,1.35831E-56
246,57.85450547,1.39796E-56
247,57.85571377,1.39408E-56
248,57.86589202,1.36178E-56
249,57.85127553,1.40839E-56
250,57.88989791,1.28855E-56
251,57.8922244,1.28167E-56
252,57.89122972,1.28461E-56
253,57.90508406,1.24427E-56
254,57.91523561,1.21553E-56
255,57.92141065,1.19837E-56
256,57.92158755,1.19788E-56
257,57.93996804,1.14824E-56
258,57.94465217,1.13592E-56
259,57.9884805,1.02688E-56
260,57.99935413,1.00149E-56
261,40.13394904,7.346E-39
262,35.62968051,2.34595E-34
263,33.90090983,1.25629E-32
264,32.56456175,2.72545E-31
265,31.52298977,2.99923E-30
266,30.61853304,2.40695E-29
267,29.7798797,1.66005E-28
268,29.04667317,8.98104E-28
269,28.34599297,4.50824E-27
270,27.73311758,1.84877E-26
271,27.1327368,7.36653E-26
272,26.54887117,2.82572E-25
273,25.9876022,1.02896E-24
274,25.48863727,3.24611E-24
275,25.02188754,9.50851E-24
276,24.53824455,2.89571E-23
277,24.1128009,7.71257E-23
278,23.69551451,2.01598E-22
279,23.29495022,5.07049E-22
280,22.8955622,1.27186E-21
281,22.5253373,2.98306E-21
282,22.15214838,7.04452E-21
283,21.80187562,1.57806E-20
284,21.46310367,3.44268E-20
285,21.15589528,6.98401E-20
286,20.82714721,1.48886E-19
287,20.50120517,3.15351E-19
288,20.23004573,5.88782E-19
289,19.89948708,1.26041E-18
290,19.65349071,2.2208E-18
291,19.41318329,3.86204E-18
292,19.10022254,7.93921E-18
293,18.84904716,1.41564E-17
294,18.62282633,2.38327E-17
295,18.35338126,4.43219E-17
296,18.10584207,7.83715E-17
297,17.92781086,1.18083E-16
298,17.73217519,1.85278E-16
299,17.49306916,3.21315E-16
300,17.29555879,5.06339E-16
301,17.13759728,7.28455E-16
302,16.94692723,1.12999E-15
303,16.82171681,1.50759E-15
304,16.61380686,2.43329E-15
305,16.46578562,3.42148E-15
306,16.39465181,4.0304E-15
307,16.21184743,6.13978E-15
308,15.94818722,1.12671E-14
309,15.41382728,3.85632E-14
310,14.59730128,2.52754E-13
311,13.62523003,2.37012E-12
312,12.58031384,2.62837E-11
313,11.60583049,2.47839E-10
314,10.68045421,2.08711E-09
315,9.829363497,1.48128E-08
316,9.06328121,8.64408E-08
317,8.356356228,4.40194E-07
318,7.714398342,1.9302E-06
319,7.12925933,7.42576E-06
320,6.591925121,2.55903E-05
321,6.102586148,7.89612E-05
322,5.660664735,0.000218442
323,5.244743481,0.000569189
324,4.871578077,0.00134407
325,4.527144174,0.00297068
326,4.221017716,0.006011492
327,3.931522371,0.011707863
328,3.668472752,0.021454937
329,3.428323936,0.037297186
330,3.210908934,0.061530588
331,3.00727149,0.098339616
332,2.82434566,0.149849169
333,2.655898434,0.220852117
334,2.496788462,0.318574887
335,2.358581905,0.43794351
336,2.224953633,0.595725742
337,2.104514479,0.786113982
338,1.997546922,1.005664403
339,1.892056682,1.282163229
340,1.802524833,1.575705923
341,1.715972908,1.923211698
342,1.638128722,2.300759786
343,1.569376523,2.695401573
344,1.505251633,3.12426862
345,1.443787882,3.599250869
346,1.386036446,4.111152191
347,1.33610656,4.612043975
348,1.279391735,5.255430113
349,1.23281077,5.850449434
350,1.138727934,7.265609721
351,1.101902451,7.90856246
352,1.065469287,8.600638877
353,1.03089392,9.313353331
354,1.000671288,9.984554959
355,0.970033169,10.71437472
356,0.94189137,11.43164237
357,0.916986831,12.10634843
358,0.894456352,12.75098245
359,0.873450342,13.38288228
360,0.852317837,14.05018888
361,0.835876673,14.59228579
362,0.815725635,15.28531402
363,0.800158686,15.84314198
364,0.783549853,16.46077002
365,0.770035426,16.98105129
366,0.75782302,17.46533742
367,0.742021352,18.1125104
368,0.730197114,18.61242178
369,0.722611767,18.94036016
370,0.706757727,19.6445585
371,0.698600378,20.01702917
372,0.689149509,20.45740255
373,0.679479303,20.91802591
374,0.668121219,21.47231063
375,0.65833337,21.96173412
376,0.653127688,22.22656303
377,0.646718435,22.55701169
378,0.637318902,23.05053967
379,0.631294363,23.37252521
380,0.625509085,23.68595584
381,0.618368185,24.07863231
382,0.615307574,24.2489214
383,0.607790708,24.67228041
384,0.601553206,25.02918993
385,0.599424202,25.15218958
386,0.596530248,25.32035276
387,0.592621749,25.54925557
388,0.591781408,25.59874013
389,0.587267203,25.86620985
390,0.58436525,26.03962644
391,0.585539939,25.96928908
392,0.583377068,26.09894378
393,0.581334312,26.22199243
394,0.578013462,26.42326851
395,0.578855082,26.37211239
396,0.578436598,26.39753669
397,0.578959381,26.3657797
398,0.578831849,26.37352325
399,0.576612157,26.50866414
400,0.573544071,26.69659844
401,0.574376172,26.64549719
402,0.570788757,26.86650928
403,0.570069847,26.91101962
404,0.567894651,27.04614356
405,0.565365152,27.20413043
406,0.567080338,27.09690336
407,0.56243501,27.38829455
408,0.561199969,27.4662919
409,0.560874714,27.48686984
410,0.559476786,27.57548848
411,0.555601796,27.82263155
412,0.554689548,27.8811352
413,0.552618696,28.01439859
414,0.548767022,28.26395795
415,0.549408025,28.22227215
416,0.551206167,28.10566292
417,0.54719146,28.36668197
418,0.54797433,28.3155936
419,0.546924867,28.38410031
420,0.544200612,28.56270855
421,0.54209521,28.7015129
422,0.538022148,28.97195832
423,0.537063657,29.03597026
424,0.534533102,29.20565147
425,0.530482471,29.47932457
426,0.528226325,29.63286724
427,0.525632641,29.81036949
428,0.519895401,30.20679156
429,0.515789698,30.49371256
430,0.51345603,30.65801057
431,0.505819279,31.20187704
432,0.502219115,31.46160577
433,0.501047528,31.54659366
434,0.497673138,31.79265973
435,0.491003281,32.28469729
436,0.491580026,32.24185152
437,0.486538425,32.61831896
438,0.482747736,32.90427032
439,0.481044775,33.03354819
440,0.47613757,33.40891948
441,0.472692957,33.67495645
442,0.471077193,33.80047526
443,0.467236861,34.10068784
444,0.46618491,34.18338689
445,0.461767563,34.53285119
446,0.458422251,34.7998802
447,0.457411145,34.88099422
448,0.454829063,35.08899559
449,0.455140847,35.06381391
450,0.454731293,35.09689583
451,0.454354091,35.12739211
452,0.453251886,35.21665593
453,0.452488707,35.278596
454,0.452462264,35.28074408
455,0.452191718,35.30272926
456,0.452035367,35.31544089
457,0.451715001,35.34150172
458,0.450816372,35.414705
459,0.44956007,35.51729892
460,0.448381922,35.61378051
461,0.447368786,35.69695844
462,0.444819282,35.907132
463,0.441841918,36.1541439
464,0.440031692,36.30515603
465,0.435251814,36.70694031
466,0.433736807,36.83521366
467,0.431564828,37.01989411
468,0.42792226,37.33169769
469,0.426160285,37.48346366
470,0.422617381,37.79049836
471,0.420475369,37.97734769
472,0.417301112,38.25594091
473,0.41517129,38.4440125
474,0.411963145,38.72905093
475,0.411984324,38.72716238
476,0.409048754,38.98982139
477,0.406309755,39.23649866
478,0.405875996,39.27570636
479,0.401906063,39.63637575
480,0.401671438,39.6577949
481,0.399367097,39.86877601
482,0.39806049,39.98890484
483,0.395955969,40.18315488
484,0.395193738,40.2537423
485,0.393412369,40.41919229
486,0.391655484,40.58303441
487,0.389635033,40.77227704
488,0.387376265,40.98488637
489,0.385402116,41.17161318
490,0.384503546,41.25688689
491,0.382745482,41.42423706
492,0.38179324,41.51516421
493,0.380207008,41.66707286
494,0.380620734,41.62739804
495,0.38049385,41.63956178
496,0.379478802,41.73699701
497,0.380709554,41.61888553
498,0.380522758,41.63679022
499,0.37938639,41.74587899
500,0.38025933,41.66205325
501,0.378529274,41.82834931
502,0.379186512,41.76509637
503,0.378031261,41.87634209
504,0.379199486,41.76384868
505,0.377278517,41.94898751
506,0.37869499,41.81239165
507,0.380211614,41.66663096
508,0.379855971,41.70076569
509,0.381810458,41.51351833
510,0.383659353,41.33716111
511,0.384449838,41.2619893
512,0.3853409,41.17741694
513,0.387185202,41.00292119
514,0.388876708,40.84353209
515,0.390884517,40.65514208
516,0.395013669,40.27043591
517,0.397250217,40.06358267
518,0.399089332,39.89428337
519,0.401446368,39.67835256
520,0.400458107,39.76874563
521,0.402928416,39.54317928
522,0.406067906,39.25835464
523,0.407646981,39.11587222
524,0.409845903,38.91832113
525,0.410928222,38.82145228
526,0.413645932,38.57927553
527,0.416429605,38.33278692
528,0.419404504,38.07110624
529,0.422012421,37.84317613
530,0.423521826,37.71187923
531,0.426872397,37.42205247
532,0.427949665,37.329342
533,0.431014335,37.06684865
534,0.433353408,36.86774641
535,0.435384169,36.69575533
536,0.439792862,36.32512676
537,0.441949106,36.14522177
538,0.447011718,35.72631986
539,0.448672653,35.58994749
540,0.449910205,35.48867587
541,0.451977396,35.32015526
542,0.456199233,34.97846664
543,0.458194861,34.81810564
544,0.461584908,34.54737798
545,0.464690747,34.30119521
546,0.469999434,33.88445976
547,0.474404046,33.54254059
548,0.47919507,33.17454154
549,0.484869046,32.74394134
550,0.487932267,32.51380025
551,0.494637748,32.01564474
552,0.500884707,31.55842303
553,0.508494166,31.01029046
554,0.516004637,30.4786245
555,0.523696298,29.9435786
556,0.532078215,29.37120637
557,0.539033207,28.90458865
558,0.549311827,28.22852416
559,0.558603028,27.63102351
560,0.568756504,26.99252402
561,0.58020986,26.28997301
562,0.59007555,25.69948677
563,0.601597757,25.02662254
564,0.61313537,24.37051068
565,0.624507051,23.74066876
566,0.63631804,23.10372251
567,0.650413135,22.36592503
568,0.66360124,21.69695357
569,0.679366246,20.92347208
570,0.693663666,20.24586486
571,0.709707907,19.51156446
572,0.726055615,18.7907617
573,0.73895177,18.24098262
574,0.757078368,17.4953096
575,0.774325779,16.81412305
576,0.792398297,16.12878688
577,0.809496503,15.50613271
578,0.82892794,14.82764091
579,0.849494242,14.14183474
580,0.870380942,13.47780157
581,0.888112215,12.93861485
582,0.909628248,12.31322321
583,0.933816889,11.64616962
584,0.95556356,11.07736433
585,0.97846565,10.50834565
586,1.001353965,9.968872356
587,1.028416753,9.366627463
588,1.048962778,8.933820488
589,1.076752319,8.380070662
590,1.102455434,7.898498969
591,1.128309251,7.442018568
592,1.159045529,6.933531146
593,1.185886496,6.517987216
594,1.214933305,6.096305119
595,1.242989757,5.714921151
596,1.274474785,5.315268588
597,1.303554116,4.971024272
598,1.336198223,4.611070651
599,1.369861256,4.267158195
600,1.402905325,3.954528184
601,1.435832963,3.665785396
602,1.471240339,3.378778023
603,1.505242593,3.124333654
604,1.541252676,2.875724808
605,1.578358327,2.64022946
606,1.615235511,2.42529454
607,1.652617172,2.225270588
608,1.69117442,2.036224133
609,1.73185433,1.854153436
610,1.771357234,1.692944675
611,1.811899622,1.542056824
612,1.855242691,1.395588265
613,1.899594328,1.260101916
614,1.945757146,1.13303377
615,1.986732336,1.031021364
616,2.033872517,0.924969651
617,2.080401683,0.830994821
618,2.12879422,0.743371283
619,2.177818367,0.664020723
620,2.227822286,0.591803752
621,2.278585172,0.526519946
622,2.329117347,0.468686725
623,2.382963363,0.414034601
624,2.438037432,0.36472251
625,2.492246462,0.321924136
626,2.547835419,0.283246519
627,2.604254368,0.248740001
628,2.660922616,0.218311887
629,2.719809513,0.190629666
630,2.780049488,0.165939781
631,2.844125259,0.143177489
632,2.903812928,0.124792094
633,2.966341123,0.108058486
634,3.02988488,0.093350171
635,3.093965394,0.080544262
636,3.158893189,0.069359637
637,3.226748415,0.05932689
638,3.29397458,0.050818919
639,3.361499417,0.043501135
640,3.430291249,0.037128615
641,3.500421778,0.03159208
642,3.572332774,0.026771162
643,3.645640198,0.022613084
644,3.718403655,0.019124775
645,3.792863431,0.016111522
646,3.868511111,0.013535955
647,3.944743247,0.01135682
648,4.021285642,0.009521697
649,4.099036585,0.007960923
650,4.179312823,0.006617397
651,4.258206052,0.005518156
652,4.339627996,0.004574799
653,4.420600448,0.003796641
654,4.503951566,0.003133635
655,4.588944787,0.002576649
656,4.673837469,0.002119154
657,4.760300935,0.001736597
658,4.84638134,0.001424356
659,4.936032756,0.00115869
660,5.023892539,0.000946471
661,5.116237126,0.000765179
662,5.20766577,0.000619918
663,5.298159995,0.000503315
664,5.394356787,0.000403314
665,5.488480869,0.000324728
666,5.581932739,0.000261859
667,5.681334975,0.000208288
668,5.778915164,0.000166374
669,5.87624491,0.00013297
670,5.975365534,0.000105836
671,6.076134747,8.392E-05
672,6.179732044,6.61101E-05
673,6.282712312,5.2154E-05
674,6.382863902,4.14129E-05
675,6.49017653,3.23462E-05
676,6.595479582,2.53817E-05
677,6.704517935,1.97461E-05
678,6.811138154,1.54476E-05
679,6.919233465,1.20439E-05
680,7.029787674,9.33711E-06
681,7.140873173,7.22981E-06
682,7.253081512,5.58365E-06
683,7.364787603,4.3173E-06
684,7.479473116,3.31533E-06
685,7.593968945,2.54701E-06
686,7.711241226,1.94428E-06
687,7.826560764,1.49087E-06
688,7.943104457,1.13998E-06
689,8.061200508,8.68559E-07
690,8.179757478,6.61063E-07
691,8.300987758,5.00049E-07
692,8.420423231,3.79819E-07
693,8.54324349,2.86257E-07
694,8.666935325,2.1531E-07
695,8.789044788,1.62538E-07
696,8.916592014,1.21174E-07
697,9.038570657,9.15017E-08
698,9.167485212,6.80009E-08
699,9.291650885,5.10916E-08
700,9.418126131,3.81833E-08
701,9.549401227,2.82227E-08
702,9.675233751,2.11235E-08
703,9.807331512,1.55836E-08
704,9.935388178,1.16041E-08
705,10.06450147,8.61983E-09
706,10.19725188,6.34963E-09
707,10.32897361,4.68842E-09
708,10.46334401,3.44077E-09
709,10.59537311,2.53879E-09
710,10.72688225,1.8755E-09
711,10.86020597,1.37973E-09
712,10.99272848,1.01688E-09
713,11.12955675,7.42067E-10
714,11.2638914,5.44639E-10
715,11.39956691,3.98504E-10
716,11.533804,2.92547E-10
717,11.6728426,2.12401E-10
718,11.80805269,1.55578E-10
719,11.94381248,1.13812E-10
720,12.07894951,8.33778E-11
721,12.21346652,6.11693E-11
722,12.35824481,4.38284E-11
723,12.49404551,3.20593E-11
724,12.63493057,2.31777E-11
725,12.76506639,1.71765E-11
726,12.90119873,1.25546E-11
727,13.04563944,9.00245E-12
728,13.17572218,6.67233E-12
729,13.31696513,4.81986E-12
730,13.44965295,3.55097E-12
731,13.59176518,2.55997E-12
732,13.72399899,1.888E-12
733,13.85648697,1.3916E-12
734,13.99871984,1.00295E-12
735,14.13170714,7.38402E-13
736,14.26704293,5.40701E-13
737,14.39880531,3.99204E-13
738,14.53500766,2.91738E-13
739,14.66172698,2.17908E-13
740,14.80106795,1.581E-13
741,14.91078218,1.22806E-13
742,15.05086141,8.89485E-14
743,15.18217683,6.5739E-14
744,15.30017603,5.00984E-14
745,15.42305383,3.77525E-14
746,15.53946608,2.88758E-14
747,15.67856901,2.09619E-14
748,15.7850268,1.64049E-14
749,15.90137735,1.25494E-14
750,16.01149768,9.73873E-15
751,16.1266529,7.47046E-15
752,16.21228432,6.1336E-15
753,16.30725101,4.92889E-15
754,16.39241309,4.05123E-15
755,16.49034653,3.23336E-15
756,16.58427475,2.60451E-15
757,16.66367142,2.16934E-15
758,16.73806096,1.82784E-15
759,16.82520704,1.49552E-15
760,16.89171122,1.28318E-15
761,16.95557166,1.10772E-15
762,17.02007775,9.54822E-16
763,17.07944253,8.32832E-16
764,17.13973697,7.24875E-16
765,17.18487139,6.53324E-16
766,17.21554785,6.08768E-16
767,17.25936101,5.5035E-16
768,17.32573099,4.72356E-16
769,17.3409572,4.56082E-16
770,17.37130171,4.25303E-16
771,17.44274199,3.60793E-16
772,17.47147833,3.37693E-16
773,17.50789746,3.10529E-16
774,17.53081708,2.94566E-16
775,17.52780938,2.96613E-16
776,17.5757997,2.65583E-16
777,17.58341883,2.60964E-16
778,17.59958341,2.5143E-16
779,17.60846531,2.4634E-16
780,17.65494864,2.21336E-16
781,17.63142452,2.33655E-16
782,17.68856584,2.04849E-16
783,17.68698297,2.05597E-16
784,17.71458959,1.92935E-16
785,17.70341235,1.97965E-16
786,17.78465736,1.64188E-16
787,17.75588553,1.75434E-16
788,17.7675431,1.70788E-16
789,17.78032365,1.65835E-16
790,17.80620418,1.56241E-16
791,17.81279406,1.53888E-16
792,17.87196181,1.34288E-16
793,17.85304824,1.40266E-16
794,17.8974496,1.26634E-16
795,17.85120621,1.40862E-16
796,17.92045618,1.201E-16
797,17.91595139,1.21352E-16
798,17.92532805,1.1876E-16
799,17.93754702,1.15466E-16
800,12.92707669,1.18283E-11
801,12.96169548,1.09221E-11
802,13.02272342,9.49023E-12
803,13.14034519,7.2386E-12
804,13.13414119,7.34275E-12
805,13.1577991,6.95346E-12
806,13.29578167,5.06079E-12
807,13.26171804,5.47371E-12
808,13.44641373,3.57755E-12
809,13.28664,5.16845E-12
810,13.38837068,4.08911E-12
811,13.48960063,3.23891E-12
812,13.44291811,3.60647E-12
813,13.47654992,3.33772E-12
814,13.55047693,2.81529E-12
815,13.65313484,2.22262E-12
816,13.59319908,2.55153E-12
817,13.67696629,2.10394E-12
818,13.65538459,2.21114E-12
819,13.70282018,1.98235E-12
820,13.84054357,1.44363E-12
821,13.82890697,1.48284E-12
822,13.83740806,1.45409E-12
823,13.85320703,1.40215E-12
824,13.97836835,1.05107E-12
825,14.01451667,9.67127E-13
826,13.98963389,1.02416E-12
827,14.01657514,9.62553E-13
828,14.08051753,8.30773E-13
829,14.13089933,7.39777E-13
830,14.24191627,5.72906E-13
831,14.24745211,5.6565E-13
832,14.30623868,4.94039E-13
833,14.31683334,4.82133E-13
834,14.33304562,4.64466E-13
835,14.32002861,4.78599E-13
836,14.392087,4.05427E-13
837,14.46551155,3.42364E-13
838,14.65855587,2.19505E-13
839,14.5445972,2.85366E-13
840,14.62348931,2.37964E-13
841,14.63845323,2.29904E-13
842,14.68715088,2.05518E-13
843,14.78796693,1.62942E-13
844,14.85377486,1.40031E-13
845,14.92993133,1.17508E-13
846,14.87339448,1.33846E-13
847,15.0021792,9.94995E-14
848,15.06135009,8.6826E-14
849,15.10104656,7.92416E-14
850,15.15769988,6.95505E-14
851,15.28748601,5.15839E-14
852,15.12546441,7.49093E-14
853,15.29899062,5.02353E-14
854,15.32197489,4.76459E-14
855,15.386565,4.10615E-14
856,15.43741654,3.65244E-14
857,15.44805834,3.56403E-14
858,15.60932647,2.45852E-14
859,15.59148619,2.56161E-14
860,15.69699284,2.00913E-14
861,15.7238283,1.88874E-14
862,15.74350329,1.80508E-14
863,15.8553671,1.39519E-14
864,15.86784619,1.35567E-14
865,15.91314546,1.22139E-14
866,15.96671443,1.07966E-14
867,16.02003499,9.54916E-15
868,16.13930393,7.25598E-15
869,16.22760925,5.92094E-15
870,16.10907211,7.77907E-15
871,16.29322443,5.09068E-15
872,16.38050613,4.16384E-15
873,16.28165101,5.22816E-15
874,16.44823325,3.5626E-15
875,16.51518282,3.05364E-15
876,16.52395202,2.9926E-15
877,16.65015241,2.23794E-15
878,16.66718522,2.15186E-15
879,16.7545547,1.75973E-15
880,16.76456641,1.71962E-15
881,16.79407057,1.60668E-15
882,16.87425628,1.33581E-15
883,16.98222938,1.04177E-15
884,17.10971619,7.76755E-16
885,17.09503863,8.03455E-16
886,17.2214233,6.00588E-16
887,17.18401409,6.54615E-16
888,17.32536421,4.72755E-16
889,17.28384562,5.20181E-16
890,17.34846021,4.4827E-16
891,17.44059141,3.62584E-16
892,17.45510923,3.50664E-16
893,17.58851477,2.5792E-16
894,17.72423955,1.88695E-16
895,17.66272296,2.17409E-16
896,17.76294888,1.72604E-16
897,17.92119988,1.19895E-16
898,17.85009836,1.41222E-16
899,18.0013036,9.97003E-17
900,17.9001282,1.25855E-16
901,18.06880825,8.53477E-17
902,18.04300179,9.05729E-17
903,18.12625698,7.47727E-17
904,18.18475948,6.53492E-17
905,18.26502061,5.43225E-17
906,18.31232101,4.87168E-17
907,18.35458734,4.4199E-17
908,18.41333227,3.86071E-17
909,18.51194244,3.0765E-17
910,18.63704678,2.3065E-17
911,18.65732118,2.2013E-17
912,18.6711326,2.13239E-17
913,18.80038058,1.5835E-17
914,18.74833104,1.78513E-17
915,18.8668916,1.35865E-17
916,18.9215456,1.19799E-17
917,18.9486509,1.12551E-17
918,19.01136625,9.74168E-18
919,19.05558663,8.7986E-18
920,19.19883839,6.32647E-18
921,19.22063754,6.01676E-18
922,19.25746076,5.52763E-18
923,19.29750384,5.04076E-18
924,19.36506318,4.31456E-18
925,19.43452914,3.67681E-18
926,19.51004407,3.08998E-18
927,19.55898705,2.76066E-18
928,19.63153521,2.33596E-18
929,19.55978586,2.75559E-18
930,19.85057572,1.41067E-18
931,19.73197955,1.85362E-18
932,19.75082986,1.77488E-18
933,19.94440976,1.13655E-18
934,19.83842737,1.45068E-18
935,19.9233358,1.19307E-18
936,20.00874924,9.80056E-19
937,19.94979847,1.12254E-18
938,20.03866396,9.14821E-19
939,20.11096927,7.74517E-19
940,20.11188589,7.72884E-19
941,20.17251912,6.72173E-19
942,20.23699276,5.79438E-19
943,20.36915597,4.27409E-19
944,20.3833205,4.13694E-19
945,20.39899773,3.99027E-19
946,20.45055367,3.54361E-19
947,20.5576225,2.76935E-19
948,20.497922,3.17744E-19
949,20.61047553,2.45202E-19
950,20.66963307,2.13977E-19
951,20.61669367,2.41717E-19
952,20.69589904,2.01419E-19
953,20.81328502,1.53715E-19
954,20.73770217,1.82935E-19
955,20.95131467,1.11863E-19
956,21.05137329,8.88437E-20
957,20.94355895,1.13878E-19
958,21.05616822,8.78682E-20
959,21.02890838,9.35603E-20
960,21.09259212,8.07994E-20
961,21.17260876,6.72034E-20
962,21.20937348,6.17485E-20
963,21.21838523,6.04804E-20
964,21.32658185,4.71431E-20
965,21.31664522,4.82342E-20
966,21.25736283,5.52888E-20
967,21.47636112,3.33917E-20
968,21.53277839,2.93239E-20
969,21.48791,3.25155E-20
970,21.59136305,2.56234E-20
971,21.59485802,2.5418E-20
972,21.68993176,2.04206E-20
973,21.708013,1.95879E-20
974,21.76987643,1.69873E-20
975,21.83773437,1.453E-20
976,21.73955367,1.82157E-20
977,21.97529894,1.05852E-20
978,21.95414248,1.11137E-20
979,22.0127827,9.70996E-21
980,21.91705785,1.21044E-20
981,22.04520211,9.01152E-21
982,22.1694895,6.76878E-21
983,22.193972,6.39776E-21
984,22.23597475,5.80798E-21
985,22.18002238,6.60659E-21
986,22.23172044,5.86516E-21
987,22.24867525,5.64059E-21
988,22.3565331,4.40014E-21
989,22.37884236,4.17982E-21
990,22.39707317,4.00799E-21
991,22.43125473,3.70463E-21
992,22.45383313,3.51696E-21
993,22.51094913,3.08355E-21
994,22.52933125,2.95576E-21
995,22.55944115,2.75778E-21
996,22.58605626,2.59384E-21
997,22.5014928,3.15143E-21
998,22.58242794,2.6156E-21
999,22.63272018,2.32959E-21
1000,22.66582291,2.15862E-21
1001,22.77038717,1.69673E-21
1002,22.7731651,1.68591E-21
1003,22.7916121,1.6158E-21
1004,22.86634023,1.36038E-21
1005,22.93697614,1.15618E-21
1006,22.91468071,1.21708E-21
1007,22.93511139,1.16115E-21
1008,22.94900497,1.12459E-21
1009,23.07268036,8.45901E-22
1010,22.91059756,1.22858E-21
1011,23.05249726,8.86141E-22
1012,23.0177003,9.60063E-22
1013,23.13342643,7.35485E-22
1014,23.14006578,7.24326E-22
1015,23.1656609,6.82872E-22
1016,23.328563,4.69285E-22
1017,23.20017631,6.30701E-22
1018,23.26899854,5.38272E-22
1019,23.28350704,5.20587E-22
1020,23.30937177,4.90488E-22
1021,23.32148047,4.77001E-22
1022,23.38180614,4.15139E-22
1023,23.41839278,3.81599E-22
1024,23.35072698,4.45937E-22
1025,23.49844966,3.17359E-22
1026,23.54507013,2.85056E-22
1027,23.6097215,2.45628E-22
1028,23.63795845,2.30166E-22
1029,23.53037324,2.94867E-22
1030,23.58686734,2.589E-22
1031,23.66255051,2.17495E-22
1032,23.78382598,1.64503E-22
1033,23.73783829,1.82878E-22
1034,23.70434761,1.97539E-22
1035,23.83154842,1.47384E-22
1036,23.77266798,1.68784E-22
1037,23.84320036,1.43483E-22
1038,23.88097071,1.31531E-22
1039,23.86679716,1.35895E-22
1040,23.87806888,1.32413E-22
1041,23.95193063,1.11704E-22
1042,23.94207791,1.14267E-22
1043,23.9331989,1.16628E-22
1044,24.05468038,8.81698E-23
1045,23.95566973,1.10747E-22
1046,24.04505698,9.01453E-23
1047,24.10731908,7.81054E-23
1048,24.073096,8.45092E-23
1049,24.1278071,7.45063E-23
1050,24.1175505,7.62868E-23
1051,24.18355768,6.55303E-23
1052,24.15045401,7.07206E-23
1053,24.15314445,7.02839E-23
1054,24.17560661,6.67411E-23
1055,24.34679473,4.49992E-23
1056,24.31627978,4.82748E-23
1057,24.2016555,6.28557E-23
1058,24.37786348,4.18925E-23
1059,24.28794697,5.15292E-23
1060,24.3526833,4.43932E-23
1061,24.35983886,4.36678E-23
1062,24.37117804,4.25424E-23
1063,24.47823129,3.32482E-23
1064,24.4448189,3.59072E-23
1065,24.40913361,3.89822E-23
1066,24.38603725,4.11114E-23
1067,24.41528376,3.84341E-23
1068,24.46208723,3.45074E-23
1069,24.56641615,2.71384E-23
1070,24.52634432,2.97616E-23
1071,24.48632595,3.26343E-23
1072,24.48886858,3.24438E-23
1073,24.47192824,3.37343E-23
1074,24.52181824,3.00733E-23
1075,24.51214647,3.07506E-23
1076,24.5680787,2.70347E-23
1077,24.55643841,2.77691E-23
1078,24.63616267,2.3112E-23
1079,24.56084977,2.74884E-23
1080,24.52238427,3.00342E-23
1081,24.56211622,2.74084E-23
1082,24.57109888,2.68473E-23
1083,24.58930286,2.57453E-23
1084,24.56446473,2.72606E-23
1085,24.56652448,2.71316E-23
1086,24.56892072,2.69823E-23
1087,24.56265836,2.73742E-23
1088,24.61084524,2.44994E-23
1089,24.60792935,2.46644E-23
1090,24.65343832,2.22107E-23
1091,24.60021128,2.51066E-23
1092,24.52971064,2.95318E-23
1093,24.62541757,2.36909E-23
1094,24.56428871,2.72716E-23
1095,24.58065446,2.62631E-23
1096,24.59516936,2.53998E-23
1097,24.60092441,2.50655E-23
1098,24.60405573,2.48854E-23
1099,24.61783184,2.41084E-23
1100,24.56792598,2.70442E-23
1101,24.5833466,2.61008E-23
1102,24.53611892,2.90992E-23
1103,24.60001839,2.51178E-23
1104,24.56160764,2.74405E-23
1105,24.50886026,3.09842E-23
1106,24.51514229,3.05392E-23
1107,24.51524178,3.05322E-23
1108,24.53579725,2.91208E-23
1109,24.52030033,3.01786E-23
1110,24.50532728,3.12372E-23
1111,24.50684911,3.1128E-23
1112,24.44715921,3.57142E-23
1113,24.45686835,3.49246E-23
1114,24.46923389,3.39442E-23
1115,24.4140433,3.8544E-23
1116,24.41033857,3.88742E-23
1117,24.35306388,4.43543E-23
1118,24.37127981,4.25324E-23
1119,24.36540536,4.31116E-23
1120,24.37150158,4.25107E-23
1121,24.33050621,4.6719E-23
1122,24.32626736,4.71773E-23
1123,24.29231676,5.10133E-23
1124,24.27268844,5.33718E-23
1125,24.26632976,5.4159E-23
1126,24.25199787,5.5976E-23
1127,24.22992255,5.88949E-23
1128,24.20775283,6.19794E-23
1129,24.19962702,6.31499E-23
1130,24.16062728,6.90832E-23
1131,24.11952622,7.59406E-23
1132,24.12766691,7.45303E-23
1133,24.08973424,8.13328E-23
1134,24.08751322,8.17498E-23
1135,24.05186206,8.87438E-23
1136,24.02858312,9.36304E-23
1137,24.02846407,9.36561E-23
1138,23.99585587,1.00959E-22
1139,23.95338312,1.11331E-22
1140,23.952564,1.11541E-22
1141,23.9078314,1.23643E-22
1142,23.8797299,1.31908E-22
1143,23.85575335,1.39395E-22
1144,23.82630564,1.49174E-22
1145,23.81583512,1.52815E-22
1146,23.78351251,1.64622E-22
1147,23.76683048,1.71068E-22
1148,23.71532882,1.92607E-22
1149,23.70329899,1.98016E-22
1150,23.67853265,2.09637E-22
1151,23.6496772,2.24039E-22
1152,23.63978736,2.29199E-22
1153,23.60017428,2.51088E-22
1154,23.58567631,2.59611E-22
1155,23.52031984,3.01773E-22
1156,23.5199833,3.02007E-22
1157,23.48477069,3.27514E-22
1158,23.4604018,3.46416E-22
1159,23.43878611,3.64094E-22
1160,23.41662799,3.83153E-22
1161,23.37045701,4.26131E-22
1162,23.33616336,4.61144E-22
1163,23.32537523,4.72743E-22
1164,23.29704347,5.04611E-22
1165,23.26153631,5.476E-22
1166,23.22518414,5.9541E-22
1167,23.18216656,6.57406E-22
1168,23.16166484,6.89184E-22
1169,23.11865675,7.60927E-22
1170,23.10403803,7.86977E-22
1171,23.06988932,8.51355E-22
1172,23.04000066,9.12009E-22
1173,22.99366613,1.01469E-21
1174,22.974608,1.06021E-21
1175,22.94031705,1.14732E-21
1176,22.91600144,1.21338E-21
1177,22.88812451,1.29382E-21
1178,22.86084875,1.37769E-21
1179,22.82258264,1.50459E-21
1180,22.76837222,1.70462E-21
1181,22.74136413,1.81399E-21
1182,22.70463642,1.97407E-21
1183,22.66292764,2.17306E-21
1184,22.68544145,2.06328E-21
1185,22.64611045,2.25886E-21
1186,22.60466705,2.48504E-21
1187,22.56233449,2.73946E-21
1188,22.51665834,3.04328E-21
1189,22.48279533,3.29007E-21
1190,22.47744451,3.33085E-21
1191,22.43735698,3.65294E-21
1192,22.39728545,4.00603E-21
1193,22.36926891,4.27298E-21
1194,22.31496983,4.84206E-21
1195,22.3042652,4.96289E-21
1196,22.28821179,5.14977E-21
1197,22.22700797,5.92914E-21
1198,22.17535277,6.67801E-21
1199,22.12776133,7.45141E-21
1200,22.12960312,7.41988E-21
1201,22.09551596,8.02572E-21
1202,22.05124639,8.88697E-21
1203,22.03203343,9.28895E-21
1204,21.97818127,1.05152E-20
1205,21.96062372,1.0949E-20
1206,21.93154633,1.17072E-20
1207,21.88782148,1.29473E-20
1208,21.84161624,1.44007E-20
1209,21.83450045,1.46386E-20
1210,21.77912465,1.66294E-20
1211,21.75989781,1.73821E-20
1212,21.72469264,1.88498E-20
1213,21.66897937,2.14299E-20
1214,21.66424838,2.16646E-20
1215,21.62941319,2.3474E-20
1216,21.59535255,2.53891E-20
1217,21.55517789,2.78498E-20
1218,21.51426006,3.06013E-20
1219,21.48583681,3.26711E-20
1220,21.45440936,3.51229E-20
1221,21.41681841,3.82985E-20
1222,21.38014739,4.16728E-20
1223,21.36249424,4.34016E-20
1224,21.31826174,4.8055E-20
1225,21.29278941,5.09578E-20
1226,21.25926023,5.50478E-20
1227,21.20570983,6.22716E-20
1228,21.18401687,6.54611E-20
1229,21.1216211,7.55751E-20
1230,21.097319,7.99247E-20
1231,21.07461142,8.42148E-20
1232,21.04778737,8.95803E-20
1233,21.0112754,9.74372E-20
1234,20.9446569,1.13591E-19
1235,20.94155875,1.14404E-19
1236,20.89129107,1.28443E-19
1237,20.86876798,1.3528E-19
1238,20.82462311,1.49753E-19
1239,20.80618662,1.56248E-19
1240,20.77917795,1.66273E-19
1241,20.71268142,1.93784E-19
1242,20.69546137,2.01622E-19
1243,20.66835554,2.14607E-19
1244,20.62980789,2.34527E-19
1245,20.58053129,2.62705E-19
1246,20.55436607,2.79019E-19
1247,20.52360242,2.99501E-19
1248,20.49037261,3.23316E-19
1249,20.45063115,3.54298E-19
1250,20.41544304,3.842E-19
1251,20.39572999,4.02041E-19
1252,20.34629822,4.50507E-19
1253,20.31353931,4.85804E-19
1254,20.2587467,5.51129E-19
1255,20.2605172,5.48887E-19
1256,20.2175193,6.06011E-19
1257,20.17818478,6.63461E-19
1258,20.15047454,7.07173E-19
1259,20.10449119,7.86156E-19
1260,20.05828086,8.74418E-19
1261,20.04474944,9.02091E-19
1262,20.01062093,9.75841E-19
1263,19.99192991,1.01876E-18
1264,19.95183796,1.11728E-18
1265,19.9200483,1.20213E-18
1266,19.87265663,1.34074E-18
1267,19.86380463,1.36834E-18
1268,19.79951205,1.58667E-18
1269,19.77993044,1.65985E-18
1270,19.73337607,1.84767E-18
1271,19.70711309,1.96285E-18
1272,19.67062925,2.13487E-18
1273,19.61504893,2.42634E-18
1274,19.59576424,2.53651E-18
1275,19.5738586,2.66773E-18
1276,19.53864827,2.89302E-18
1277,19.5082582,3.10271E-18
1278,19.46159954,3.45462E-18
1279,19.44693702,3.57325E-18
1280,19.3897757,4.07591E-18
1281,19.38608616,4.11068E-18
1282,19.32538237,4.72735E-18
1283,19.27993504,5.24886E-18
1284,19.25237421,5.59275E-18
1285,19.22047616,6.01899E-18
1286,19.21151845,6.14443E-18
1287,19.16674589,6.81168E-18
1288,19.11097727,7.74502E-18
1289,19.09929388,7.95621E-18
1290,19.04930952,8.92669E-18
1291,19.05231429,8.86514E-18
1292,18.99269566,1.01696E-17
1293,18.98097046,1.04479E-17
1294,18.93254768,1.16803E-17
1295,18.88859498,1.29242E-17
1296,18.86607511,1.36121E-17
1297,18.82464053,1.49747E-17
1298,18.79750958,1.59401E-17
1299,18.75199144,1.77014E-17
1300,18.73967283,1.82107E-17
1301,18.69555145,2.01581E-17
1302,18.67485259,2.11421E-17
1303,18.64161787,2.28235E-17
1304,18.59700145,2.52929E-17
1305,18.5645857,2.7253E-17
1306,18.53338872,2.92827E-17
1307,18.50309594,3.13982E-17
1308,18.47322359,3.36338E-17
1309,18.42652502,3.7452E-17
1310,18.40017437,3.97947E-17
1311,18.36801675,4.28532E-17
1312,18.33719592,4.60049E-17
1313,18.33034191,4.67367E-17
1314,18.25823849,5.51774E-17
1315,18.22903115,5.90159E-17
1316,18.2166012,6.07294E-17
1317,18.18001506,6.60671E-17
1318,18.13556162,7.31877E-17
1319,18.105539,7.84262E-17
1320,18.08232483,8.27323E-17
1321,18.05275903,8.85607E-17
1322,18.00176355,9.95948E-17
1323,17.98121885,1.04419E-16
1324,17.94323183,1.13964E-16
1325,17.91839485,1.20672E-16
1326,17.8866096,1.29835E-16
1327,17.85136953,1.40809E-16
1328,17.81074646,1.54616E-16
1329,17.79397116,1.60705E-16
1330,17.74349227,1.80513E-16
1331,17.72267656,1.89375E-16
1332,17.69370032,2.02442E-16
1333,17.6594963,2.1903E-16
1334,17.62765658,2.35691E-16
1335,17.59970385,2.5136E-16
1336,17.5731374,2.67216E-16
1337,17.53066603,2.94669E-16
1338,17.50675972,3.11344E-16
1339,17.48878778,3.24498E-16
1340,17.48015761,3.31011E-16
1341,17.4721167,3.37197E-16
1342,17.44723691,3.57078E-16
1343,17.42425056,3.76487E-16
1344,17.39152155,4.05956E-16
1345,17.36726855,4.29271E-16
1346,17.36450867,4.32008E-16
1347,17.33810025,4.59092E-16
1348,17.31394485,4.8535E-16
1349,17.29704553,5.04608E-16
1350,17.275288,5.30533E-16
1351,17.24548814,5.68214E-16
1352,17.24482757,5.69079E-16
1353,17.21706742,6.06642E-16
1354,17.2059871,6.22319E-16
1355,17.16404574,6.85416E-16
1356,17.1339407,7.34614E-16
1357,17.11947398,7.59497E-16
1358,17.08947541,8.13813E-16
1359,17.06567594,8.59655E-16
1360,17.04696387,8.97503E-16
1361,17.02565652,9.42635E-16
1362,17.00669615,9.847E-16
1363,16.9708592,1.0694E-15
1364,16.97396494,1.06178E-15
1365,16.92224741,1.19606E-15
1366,16.91313922,1.22141E-15
1367,16.87966367,1.31928E-15
1368,16.85691781,1.39022E-15
1369,16.83332097,1.46784E-15
1370,16.79488238,1.60368E-15
1371,16.78820883,1.62851E-15
1372,16.77738398,1.66961E-15
1373,16.72685244,1.87563E-15
1374,16.71083571,1.9461E-15
1375,16.66937502,2.14104E-15
1376,16.6619143,2.17814E-15
1377,16.64015466,2.29005E-15
1378,16.60741907,2.46934E-15
1379,16.58364251,2.6083E-15
1380,16.55996179,2.75447E-15
1381,16.53985583,2.88499E-15
1382,16.51137483,3.08053E-15
1383,16.49428202,3.20419E-15
1384,16.4739791,3.35754E-15
1385,16.42547966,3.75423E-15
1386,16.4115118,3.87693E-15
1387,16.38758454,4.09652E-15
1388,16.34648529,4.50313E-15
1389,16.33917226,4.5796E-15
1390,16.31265449,4.86794E-15
1391,16.29800064,5.035E-15
1392,16.26505051,5.43187E-15
1393,16.23736241,5.78945E-15
1394,16.19743531,6.34694E-15
1395,16.19154466,6.43362E-15
1396,16.161673,6.89171E-15
1397,16.12361153,7.52296E-15
1398,16.10616212,7.83137E-15
1399,16.09694574,7.99934E-15
1400,16.06310079,8.64767E-15
1401,16.03738426,9.1752E-15
1402,16.01912386,9.56921E-15
1403,15.98344778,1.03885E-14
1404,15.96028077,1.09577E-14
1405,15.93446202,1.16289E-14
1406,15.90995766,1.23039E-14
1407,15.89386531,1.27683E-14
1408,15.87891576,1.32155E-14
1409,15.83613918,1.45835E-14
1410,15.8189705,1.51715E-14
1411,15.78790155,1.62967E-14
1412,15.76512322,1.71742E-14
1413,15.73820308,1.82725E-14
1414,15.70735623,1.96175E-14
1415,15.68823804,2.05004E-14
1416,15.65902226,2.19269E-14
1417,15.63594404,2.31236E-14
1418,15.62790713,2.35555E-14
1419,15.58423941,2.60472E-14
1420,15.57234249,2.67706E-14
1421,15.54893642,2.82529E-14
1422,15.51225805,3.07427E-14
1423,15.48235361,3.29341E-14
1424,15.45043248,3.5446E-14
1425,15.43775132,3.64963E-14
1426,15.41200445,3.87254E-14
1427,15.37234678,4.24281E-14
1428,15.36205284,4.34457E-14
1429,15.34297416,4.53969E-14
1430,15.3059407,4.94378E-14
1431,15.29679025,5.04905E-14
1432,15.2655348,5.42582E-14
1433,15.23615847,5.80553E-14
1434,15.219801,6.02836E-14
1435,15.19295248,6.4128E-14
1436,15.15288755,7.03254E-14
1437,15.14091038,7.22919E-14
1438,15.11368468,7.69689E-14
1439,15.09000201,8.12827E-14
1440,15.06605999,8.58895E-14
1441,15.03529907,9.21936E-14
1442,15.00732525,9.83274E-14
1443,14.98255233,1.04099E-13
1444,14.96225575,1.0908E-13
1445,14.93493521,1.16162E-13
1446,14.90497085,1.2446E-13
1447,14.8796554,1.3193E-13
1448,14.85380012,1.40023E-13
1449,14.84351888,1.43378E-13
1450,14.80588849,1.56355E-13
1451,14.77902299,1.66332E-13
1452,14.75315526,1.76541E-13
1453,14.73564566,1.83804E-13
1454,14.70588302,1.96842E-13
1455,14.68773985,2.05239E-13
1456,14.65372057,2.21962E-13
1457,14.62708914,2.35999E-13
1458,14.60316802,2.49363E-13
1459,14.57289859,2.67363E-13
1460,14.55896988,2.76077E-13
1461,14.52767105,2.96708E-13
1462,14.50877039,3.09906E-13
1463,14.47772512,3.3287E-13
1464,14.44997164,3.54837E-13
1465,14.4243735,3.7638E-13
1466,14.41065791,3.88456E-13
1467,14.38250394,4.14473E-13
1468,14.35527945,4.41286E-13
1469,14.32789722,4.70005E-13
1470,14.29774116,5.03801E-13
1471,14.28387491,5.20146E-13
1472,14.24916515,5.63423E-13
1473,14.22158373,6.00366E-13
1474,14.19669651,6.35775E-13
1475,14.17510966,6.68175E-13
1476,14.15256731,7.03773E-13
1477,14.13280048,7.36545E-13
1478,14.10246253,7.89837E-13
1479,14.07396072,8.43411E-13
1480,14.05966693,8.71632E-13
1481,14.02688875,9.39964E-13
1482,14.00741211,9.83078E-13
1483,13.9851923,1.03468E-12
1484,13.94683375,1.13023E-12
1485,13.93250032,1.16815E-12
1486,13.89809941,1.26445E-12
1487,13.88252913,1.3106E-12
1488,13.85243919,1.40463E-12
1489,13.83359933,1.4669E-12
1490,13.80993054,1.54906E-12
1491,13.7839333,1.64462E-12
1492,13.75520243,1.7571E-12
1493,13.73898621,1.82395E-12
1494,13.71110822,1.94488E-12
1495,13.68697784,2.056E-12
1496,13.65601537,2.20793E-12
1497,13.6381656,2.30056E-12
1498,13.61050815,2.45184E-12
1499,13.58057877,2.62677E-12
1500,13.55918387,2.75941E-12
1501,13.53874647,2.89237E-12
1502,13.51105894,3.08277E-12
1503,13.48149045,3.29997E-12
1504,13.46877802,3.39799E-12
1505,13.4416874,3.6167E-12
1506,13.41446302,3.85068E-12
1507,13.38780924,4.0944E-12
1508,13.36945874,4.27111E-12
1509,13.33715085,4.60097E-12
1510,13.31371072,4.85612E-12
1511,13.28841858,5.14732E-12
1512,13.27167637,5.34963E-12
1513,13.24792509,5.65034E-12
1514,13.21652619,6.07399E-12
1515,13.19497154,6.38305E-12
1516,13.1693869,6.77038E-12
1517,13.14419425,7.17473E-12
1518,13.12135973,7.56206E-12
1519,13.10027958,7.93817E-12
1520,13.0716387,8.47933E-12
1521,13.04399581,9.03658E-12
1522,13.01968045,9.55696E-12
1523,13.00446557,9.8977E-12
1524,12.98140996,1.04373E-11
1525,12.95453587,1.11036E-11
1526,12.93396534,1.16422E-11
1527,12.91257386,1.223E-11
1528,12.88760356,1.29538E-11
1529,12.862842,1.37138E-11
1530,12.84471725,1.42982E-11
1531,12.8142064,1.53389E-11
1532,12.78883323,1.62617E-11
1533,12.76284674,1.72645E-11
1534,12.73964391,1.82119E-11
1535,12.72057724,1.90293E-11
1536,12.69032768,2.0402E-11
1537,12.66210549,2.17718E-11
1538,12.64937972,2.24192E-11
1539,12.62305753,2.382E-11
1540,12.59878385,2.51893E-11
1541,12.57952651,2.63314E-11
1542,12.55190342,2.80606E-11
1543,12.53499129,2.91749E-11
1544,12.51030637,3.08812E-11
1545,12.48789239,3.25168E-11
1546,12.46024656,3.4654E-11
1547,12.43945067,3.63538E-11
1548,12.41783158,3.82092E-11
1549,12.39618184,4.01623E-11
1550,12.37434863,4.22329E-11
1551,12.35177016,4.44867E-11
1552,12.32732469,4.70625E-11
1553,12.29941582,5.01862E-11
1554,12.28370309,5.20352E-11
1555,12.26212401,5.4686E-11
1556,12.23589411,5.80906E-11
1557,12.21721357,6.06438E-11
1558,12.18951352,6.46378E-11
1559,12.17317749,6.71154E-11
1560,12.14239185,7.20457E-11
1561,12.11544535,7.66575E-11
1562,12.10275646,7.89303E-11
1563,12.07641415,8.3866E-11
1564,12.0556807,8.79669E-11
1565,12.03509589,9.22368E-11
1566,12.00927042,9.7888E-11
1567,11.98845886,1.02693E-10
1568,11.96836885,1.07555E-10
1569,11.94824116,1.12657E-10
1570,11.92262523,1.19502E-10
1571,11.89901331,1.26179E-10
1572,11.87455224,1.3349E-10
1573,11.85429107,1.39865E-10
1574,11.83127063,1.47479E-10
1575,11.81151615,1.54342E-10
1576,11.79154742,1.61604E-10
1577,11.76931951,1.70091E-10
1578,11.74725404,1.78956E-10
1579,11.72594001,1.87958E-10
1580,11.70306625,1.98122E-10
1581,11.68123589,2.08336E-10
1582,11.65749462,2.20042E-10
1583,11.64741803,2.25207E-10
1584,11.62233511,2.38597E-10
1585,11.59526337,2.53943E-10
1586,11.57617917,2.65351E-10
1587,11.5530118,2.79891E-10
1588,11.53653077,2.90716E-10
1589,11.51368125,3.06421E-10
1590,11.49036376,3.23323E-10
1591,11.46888562,3.39715E-10
1592,11.45107692,3.53935E-10
1593,11.43065781,3.70973E-10
1594,11.40581875,3.92809E-10
1595,11.3871139,4.10097E-10
1596,11.36361454,4.32898E-10
1597,11.3470465,4.49732E-10
1598,11.32473592,4.73439E-10
1599,11.31274178,4.86696E-10
1600,11.28361658,5.20455E-10
1601,11.50111295,3.15418E-10
1602,11.4794535,3.31548E-10
1603,11.45980905,3.46889E-10
1604,11.43475609,3.67489E-10
1605,11.42116503,3.79171E-10
1606,11.39260686,4.04942E-10
1607,11.37582135,4.209E-10
1608,11.36509944,4.3142E-10
1609,11.32535709,4.72762E-10
1610,11.31486053,4.84328E-10
1611,11.2902613,5.12553E-10
1612,11.27516585,5.30682E-10
1613,11.2541858,5.56947E-10
1614,11.23004044,5.88789E-10
1615,11.21290812,6.1248E-10
1616,11.19916969,6.32165E-10
1617,11.18121465,6.58848E-10
1618,11.15712231,6.9643E-10
1619,11.1391386,7.25874E-10
1620,11.12443211,7.50875E-10
1621,11.09829864,7.97446E-10
1622,11.07661741,8.38267E-10
1623,11.06029704,8.70368E-10
1624,11.04118397,9.09528E-10
1625,11.02498992,9.44083E-10
1626,11.0101329,9.76938E-10
1627,10.98576197,1.03333E-09
1628,10.96787359,1.07678E-09
1629,10.95047091,1.1208E-09
1630,10.92741361,1.18192E-09
1631,10.91501501,1.21614E-09
1632,10.89098013,1.28535E-09
1633,10.87332756,1.33867E-09
1634,10.85094877,1.40946E-09
1635,10.83486918,1.46262E-09
1636,10.80864571,1.55365E-09
1637,10.80265369,1.57524E-09
1638,10.78231716,1.65076E-09
1639,10.75841163,1.74417E-09
1640,10.74136933,1.81397E-09
1641,10.72128314,1.89984E-09
1642,10.7050766,1.97207E-09
1643,10.69529137,2.01701E-09
1644,10.67383081,2.11919E-09
1645,10.65297797,2.22342E-09
1646,10.63897758,2.29627E-09
1647,10.62213861,2.38705E-09
1648,10.5968447,2.5302E-09
1649,10.58476324,2.60158E-09
1650,10.5624525,2.73872E-09
1651,10.54410214,2.85692E-09
1652,10.52715744,2.97059E-09
1653,10.51374697,3.06375E-09
1654,10.49429775,3.20407E-09
1655,10.47766312,3.32918E-09
1656,10.46166992,3.45406E-09
1657,10.44246791,3.61021E-09
1658,10.42283172,3.77719E-09
1659,10.41311159,3.86268E-09
1660,10.3916615,4.05825E-09
1661,10.37644795,4.20293E-09
1662,10.36316837,4.33343E-09
1663,10.34361777,4.53296E-09
1664,10.32432583,4.73886E-09
1665,10.31069927,4.88991E-09
1666,10.29329518,5.08985E-09
1667,10.27954217,5.25361E-09
1668,10.26339228,5.45265E-09
1669,10.2429163,5.71589E-09
1670,10.2220074,5.99781E-09
1671,10.2096059,6.17155E-09
1672,10.19413592,6.39535E-09
1673,10.18425014,6.54259E-09
1674,10.16552429,6.83087E-09
1675,10.15366513,7.01996E-09
1676,10.13791085,7.27929E-09
1677,10.12099629,7.56839E-09
1678,10.10123355,7.92075E-09
1679,10.08646561,8.19473E-09
1680,10.06567829,8.5965E-09
1681,10.06134305,8.68274E-09
1682,10.04690431,8.97627E-09
1683,10.03002332,9.33204E-09
1684,10.00804972,9.81636E-09
1685,10.00403375,9.90755E-09
1686,9.982139671,1.04198E-08
1687,9.97428236,1.06101E-08
1688,9.955018156,1.10913E-08
1689,9.940079904,1.14794E-08
1690,9.934064211,1.16395E-08
1691,9.911276289,1.22666E-08
1692,9.906726745,1.23958E-08
1693,9.888989459,1.29125E-08
1694,9.869669235,1.34999E-08
1695,9.851014859,1.40924E-08
1696,9.843046791,1.43533E-08
1697,9.832058439,1.47211E-08
1698,9.820517621,1.51176E-08
1699,9.803720732,1.57137E-08
1700,9.791486067,1.61627E-08
1701,9.778814202,1.66412E-08
1702,9.760584459,1.73546E-08
1703,9.749987063,1.77833E-08
1704,9.743203722,1.80633E-08
1705,9.719038556,1.90968E-08
1706,9.713184102,1.9356E-08
1707,9.698351032,2.00285E-08
1708,9.68814652,2.05047E-08
1709,9.66759914,2.14981E-08
1710,9.666397727,2.15577E-08
1711,9.657382084,2.20099E-08
1712,9.635925645,2.31246E-08
1713,9.625302295,2.36972E-08
1714,9.612431482,2.441E-08
1715,9.601406713,2.50376E-08
1716,9.584063535,2.60577E-08
1717,9.574959327,2.66097E-08
1718,9.558684462,2.76258E-08
1719,9.547073652,2.83744E-08
1720,9.537114819,2.90325E-08
1721,9.531691738,2.93974E-08
1722,9.519365736,3.02437E-08
1723,9.502186393,3.1464E-08
1724,9.494806051,3.20032E-08
1725,9.490366754,3.23321E-08
1726,9.474692961,3.35202E-08
1727,9.458146746,3.4822E-08
1728,9.442268472,3.61187E-08
1729,9.43878835,3.64092E-08
1730,9.425840076,3.75111E-08
1731,9.415688628,3.83982E-08
1732,9.405660848,3.92952E-08
1733,9.388380645,4.08902E-08
1734,9.374920668,4.21774E-08
1735,9.363689141,4.32824E-08
1736,9.359982578,4.36533E-08
1737,9.35268678,4.43929E-08
1738,9.337897142,4.59307E-08
1739,9.331237968,4.66404E-08
1740,9.315744249,4.83343E-08
1741,9.309021998,4.90883E-08
1742,9.298812149,5.0256E-08
1743,9.290580101,5.12177E-08
1744,9.278277158,5.26894E-08
1745,9.272732461,5.33664E-08
1746,9.254394383,5.5668E-08
1747,9.246428958,5.66984E-08
1748,9.238396279,5.77569E-08
1749,9.228211418,5.91274E-08
1750,9.213324698,6.11893E-08
1751,9.204273256,6.24779E-08
1752,9.197514509,6.34579E-08
1753,9.193138354,6.41005E-08
1754,9.182072208,6.57549E-08
1755,9.174515705,6.6909E-08
1756,9.167579241,6.79862E-08
1757,9.153921153,7.01583E-08
1758,9.138630276,7.26724E-08
1759,9.139425234,7.25395E-08
1760,9.129179484,7.42712E-08
1761,9.117477781,7.62996E-08
1762,9.108932835,7.78157E-08
1763,9.102374979,7.89996E-08
1764,9.093775468,8.05795E-08
1765,9.080594748,8.30625E-08
1766,9.079635772,8.32462E-08
1767,9.065813541,8.59382E-08
1768,9.054789281,8.81476E-08
1769,9.05636327,8.78288E-08
1770,9.04277568,9.06201E-08
1771,9.042261734,9.07274E-08
1772,9.024753106,9.44598E-08
1773,9.014380793,9.67429E-08
1774,9.012789505,9.7098E-08
1775,9.003718697,9.91474E-08
1776,8.997259621,1.00633E-07
1777,8.993204035,1.01577E-07
1778,8.986304394,1.03204E-07
1779,8.979295694,1.04883E-07
1780,8.966645471,1.07983E-07
1781,8.95662822,1.10502E-07
1782,8.951553827,1.11801E-07
1783,8.945606926,1.13343E-07
1784,8.942495233,1.14158E-07
1785,8.931927616,1.16969E-07
1786,8.928718634,1.17837E-07
1787,8.912190116,1.22408E-07
1788,8.909289183,1.23228E-07
1789,8.89959119,1.26011E-07
1790,8.897269197,1.26687E-07
1791,8.889388924,1.29006E-07
1792,8.881769029,1.3129E-07
1793,8.880153507,1.31779E-07
1794,8.874567429,1.33485E-07
1795,8.866556927,1.3597E-07
1796,8.85835827,1.38561E-07
1797,8.850794521,1.40996E-07
1798,8.846999201,1.42233E-07
1799,8.847577032,1.42044E-07
1800,8.834913926,1.46247E-07
1801,8.826456716,1.49123E-07
1802,8.82794888,1.48611E-07
1803,8.821232214,1.50927E-07
1804,8.812520679,1.53985E-07
1805,8.803385395,1.57259E-07
1806,8.803578721,1.57189E-07
1807,8.797191769,1.59517E-07
1808,8.790168362,1.62118E-07
1809,8.785503651,1.63869E-07
1810,8.779604464,1.6611E-07
1811,8.773795265,1.68347E-07
1812,8.769177777,1.70146E-07
1813,8.760146205,1.73722E-07
1814,8.757954129,1.74601E-07
1815,8.764046587,1.72168E-07
1816,8.749100573,1.78197E-07
1817,8.744294174,1.8018E-07
1818,8.741791462,1.81221E-07
1819,8.731008391,1.85777E-07
1820,8.736162419,1.83585E-07
1821,8.73287804,1.84979E-07
1822,8.719931,1.90576E-07
1823,8.716025998,1.92298E-07
1824,8.721562225,1.89862E-07
1825,8.707915343,1.95923E-07
1826,8.701124454,1.9901E-07
1827,8.704492182,1.97473E-07
1828,8.697308972,2.00766E-07
1829,8.698667287,2.00139E-07
1830,8.69053417,2.03923E-07
1831,8.686870303,2.0565E-07
1832,8.669744767,2.13922E-07
1833,8.683212018,2.0739E-07
1834,8.677816122,2.09983E-07
1835,8.674410583,2.11636E-07
1836,8.667368544,2.15096E-07
1837,8.665777691,2.15885E-07
1838,8.657683491,2.19946E-07
1839,8.657105918,2.20239E-07
1840,8.657884997,2.19844E-07
1841,8.652624734,2.22523E-07
1842,8.644526952,2.26711E-07
1843,8.650051958,2.23845E-07
1844,8.641267489,2.28419E-07
1845,8.636678659,2.30845E-07
1846,8.640758503,2.28687E-07
1847,8.631748915,2.33481E-07
1848,8.62846421,2.35253E-07
1849,8.621691389,2.38951E-07
1850,8.622436743,2.38541E-07
1851,8.624023317,2.37671E-07
1852,8.618821227,2.40535E-07
1853,8.615427141,2.42422E-07
1854,8.612162203,2.44252E-07
1855,8.606743531,2.47318E-07
1856,8.613570924,2.43461E-07
1857,8.609915054,2.45519E-07
1858,8.60364463,2.49089E-07
1859,8.601167847,2.50514E-07
1860,8.602641558,2.49665E-07
1861,8.59420753,2.54561E-07
1862,8.592650603,2.55476E-07
1863,8.5942071,2.54562E-07
1864,8.58292282,2.61263E-07
1865,8.587855742,2.58312E-07
1866,8.589795964,2.5716E-07
1867,8.584047893,2.60587E-07
1868,8.576035209,2.65439E-07
1869,8.58335632,2.61002E-07
1870,8.584066682,2.60575E-07
1871,8.576362941,2.65239E-07
1872,8.578101216,2.64179E-07
1873,8.567543158,2.7068E-07
1874,8.572946642,2.67333E-07
1875,8.568773127,2.69915E-07
1876,8.564882681,2.72344E-07
1877,8.564319307,2.72697E-07
1878,8.575242237,2.65924E-07
1879,8.568339419,2.70185E-07
1880,8.565604963,2.71891E-07
1881,8.558695054,2.76252E-07
1882,8.559959314,2.75449E-07
1883,8.565677634,2.71846E-07
1884,8.564131692,2.72815E-07
1885,8.549864358,2.81926E-07
1886,8.554178342,2.7914E-07
1887,8.555239018,2.78459E-07
1888,8.555139034,2.78523E-07
1889,8.552676384,2.80107E-07
1890,8.558500979,2.76375E-07
1891,8.555650857,2.78195E-07
1892,8.56034067,2.75207E-07
1893,8.552696919,2.80094E-07
1894,8.555463268,2.78315E-07
1895,8.557501524,2.77012E-07
1896,8.550650161,2.81417E-07
1897,8.546357497,2.84212E-07
1898,8.549711615,2.82026E-07
1899,8.553019013,2.79886E-07
1900,8.546544808,2.8409E-07
1901,8.54751973,2.83452E-07
1902,8.553114648,2.79824E-07
1903,8.548594727,2.82752E-07
1904,8.54735162,2.83562E-07
1905,8.550617727,2.81438E-07
1906,8.551215338,2.81051E-07
1907,8.547529178,2.83446E-07
1908,8.547688993,2.83342E-07
1909,8.551441777,2.80904E-07
1910,8.547689183,2.83342E-07
1911,8.547720042,2.83322E-07
1912,8.544483441,2.85441E-07
1913,8.549595344,2.82101E-07
1914,8.548919314,2.8254E-07
1915,8.546331329,2.84229E-07
1916,8.548013686,2.8313E-07
1917,8.549222117,2.82344E-07
1918,8.553112161,2.79826E-07
1919,8.554395781,2.79E-07
1920,8.561629121,2.74392E-07
1921,8.556856531,2.77424E-07
1922,8.550034092,2.81816E-07
1923,8.553089696,2.7984E-07
1924,8.553225979,2.79753E-07
1925,8.554465625,2.78955E-07
1926,8.553268498,2.79725E-07
1927,8.550874887,2.81271E-07
1928,8.566429306,2.71376E-07
1929,8.561065588,2.74748E-07
1930,8.56263478,2.73757E-07
1931,8.557402597,2.77075E-07
1932,8.559957529,2.7545E-07
1933,8.560157602,2.75323E-07
1934,8.562956553,2.73554E-07
1935,8.561587248,2.74418E-07
1936,8.563660947,2.73111E-07
1937,8.561590044,2.74416E-07
1938,8.56317077,2.73419E-07
1939,8.561318371,2.74588E-07
1940,8.564535384,2.72562E-07
1941,8.567129391,2.70938E-07
1942,8.572826194,2.67408E-07
1943,8.567631183,2.70626E-07
1944,8.567514574,2.70698E-07
1945,8.566798534,2.71145E-07
1946,8.570738654,2.68696E-07
1947,8.575881684,2.65533E-07
1948,8.575905258,2.65518E-07
1949,8.570525801,2.68828E-07
1950,8.582673012,2.61413E-07
1951,8.576225326,2.65323E-07
1952,8.582268808,2.61656E-07
1953,8.585002084,2.60015E-07
1954,8.582268368,2.61657E-07
1955,8.578987612,2.63641E-07
1956,8.578991458,2.63638E-07
1957,8.58788993,2.58291E-07
1958,8.585680176,2.59609E-07
1959,8.585377545,2.5979E-07
1960,8.597258326,2.52779E-07
1961,8.590801975,2.56565E-07
1962,8.593922297,2.54729E-07
1963,8.59637363,2.53295E-07
1964,8.593257393,2.55119E-07
1965,8.601519251,2.50311E-07
1966,8.597930753,2.52388E-07
1967,8.596420664,2.53267E-07
1968,8.596667432,2.53124E-07
1969,8.606026157,2.47727E-07
1970,8.602594459,2.49693E-07
1971,8.603942127,2.48919E-07
1972,8.601806655,2.50146E-07
1973,8.607682104,2.46785E-07
1974,8.606892658,2.47234E-07
1975,8.612503779,2.4406E-07
1976,8.615108265,2.42601E-07
1977,8.61648618,2.41832E-07
1978,8.613884525,2.43285E-07
1979,8.616691397,2.41718E-07
1980,8.616523371,2.41811E-07
1981,8.622801406,2.38341E-07
1982,8.621329667,2.3915E-07
1983,8.622318312,2.38606E-07
1984,8.633397073,2.32596E-07
1985,8.624576717,2.37369E-07
1986,8.624758485,2.37269E-07
1987,8.630526601,2.34139E-07
1988,8.631972923,2.3336E-07
1989,8.636857119,2.30751E-07
1990,8.638885086,2.29676E-07
1991,8.642819915,2.27604E-07
1992,8.639867902,2.29156E-07
1993,8.634290769,2.32118E-07
1994,8.645954955,2.25967E-07
1995,8.642900924,2.27562E-07
1996,8.644326595,2.26816E-07
1997,8.645370522,2.26271E-07
1998,8.644597828,2.26674E-07
1999,8.649932841,2.23907E-07
2000,8.660674007,2.18437E-07
2001,8.626968057,2.36065E-07
2002,8.628664654,2.35145E-07
2003,8.630206084,2.34312E-07
2004,8.633951976,2.32299E-07
2005,8.637194582,2.30571E-07
2006,8.640847934,2.2864E-07
2007,8.638399378,2.29933E-07
2008,8.632057086,2.33315E-07
2009,8.644855007,2.2654E-07
2010,8.647465494,2.25182E-07
2011,8.645373945,2.2627E-07
2012,8.646424903,2.25723E-07
2013,8.648917646,2.24431E-07
2014,8.648183146,2.24811E-07
2015,8.654130827,2.21753E-07
2016,8.654670613,2.21477E-07
2017,8.65554762,2.21031E-07
2018,8.659485216,2.19036E-07
2019,8.66078008,2.18384E-07
2020,8.665043095,2.1625E-07
2021,8.664074199,2.16733E-07
2022,8.658742269,2.19411E-07
2023,8.669705909,2.13941E-07
2024,8.673941118,2.11865E-07
2025,8.663637006,2.16952E-07
2026,8.673054838,2.12298E-07
2027,8.66870479,2.14435E-07
2028,8.677581951,2.10096E-07
2029,8.6776645,2.10056E-07
2030,8.692358308,2.03068E-07
2031,8.687117383,2.05533E-07
2032,8.681155853,2.08374E-07
2033,8.687098756,2.05542E-07
2034,8.695089469,2.01795E-07
2035,8.689451019,2.04432E-07
2036,8.691704451,2.03374E-07
2037,8.687537403,2.05335E-07
2038,8.6946306,2.02008E-07
2039,8.690675796,2.03856E-07
2040,8.700730988,1.99191E-07
2041,8.705697757,1.96926E-07
2042,8.704563625,1.97441E-07
2043,8.712899397,1.93687E-07
2044,8.708767899,1.95538E-07
2045,8.707770092,1.95988E-07
2046,8.704204063,1.97604E-07
2047,8.710198357,1.94895E-07
2048,8.706726024,1.9646E-07
2049,8.709166315,1.95359E-07
2050,8.716533977,1.92073E-07
2051,8.708000683,1.95884E-07
2052,8.717746867,1.91537E-07
2053,8.717641848,1.91584E-07
2054,8.724260909,1.88686E-07
2055,8.724037295,1.88783E-07
2056,8.721102508,1.90063E-07
2057,8.729610463,1.86376E-07
2058,8.732569446,1.8511E-07
2059,8.725445855,1.88172E-07
2060,8.728300404,1.86939E-07
2061,8.736572456,1.83412E-07
2062,8.734446024,1.84312E-07
2063,8.738897715,1.82433E-07
2064,8.73935551,1.8224E-07
2065,8.741443558,1.81366E-07
2066,8.744419122,1.80128E-07
2067,8.736760982,1.83332E-07
2068,8.740099055,1.81929E-07
2069,8.744405619,1.80133E-07
2070,8.746039442,1.79457E-07
2071,8.745179717,1.79813E-07
2072,8.75465266,1.75933E-07
2073,8.75093179,1.77447E-07
2074,8.747955911,1.78667E-07
2075,8.748791831,1.78323E-07
2076,8.755188689,1.75716E-07
2077,8.744020745,1.80293E-07
2078,8.756350393,1.75247E-07
2079,8.74943944,1.78058E-07
2080,8.756511665,1.75182E-07
2081,8.756600592,1.75146E-07
2082,8.765705053,1.71512E-07
2083,8.759892454,1.73823E-07
2084,8.754661831,1.75929E-07
2085,8.763643754,1.72328E-07
2086,8.769210762,1.70133E-07
2087,8.768872695,1.70266E-07
2088,8.771394469,1.6928E-07
2089,8.772109352,1.69002E-07
2090,8.768385763,1.70457E-07
2091,8.772420509,1.6888E-07
2092,8.766658654,1.71136E-07
2093,8.766592338,1.71162E-07
2094,8.775804176,1.6757E-07
2095,8.769219864,1.7013E-07
2096,8.774681677,1.68003E-07
2097,8.774695181,1.67998E-07
2098,8.779933916,1.65984E-07
2099,8.777637308,1.66864E-07
2100,8.776668466,1.67237E-07
2101,8.783115864,1.64772E-07
2102,8.7767273,1.67214E-07
2103,8.778901219,1.66379E-07
2104,8.775969139,1.67506E-07
2105,8.779955299,1.65976E-07
2106,8.786868412,1.63355E-07
2107,8.785179472,1.63991E-07
2108,8.785064381,1.64035E-07
2109,8.786626,1.63446E-07
2110,8.780927714,1.65605E-07
2111,8.784605963,1.64208E-07
2112,8.785923642,1.6371E-07
2113,8.790026756,1.62171E-07
2114,8.786783878,1.63386E-07
2115,8.788716252,1.62661E-07
2116,8.789896083,1.6222E-07
2117,8.788777264,1.62638E-07
2118,8.786688202,1.63422E-07
2119,8.785601112,1.63832E-07
2120,8.79142917,1.61648E-07
2121,8.792282166,1.61331E-07
2122,8.789313937,1.62437E-07
2123,8.789714055,1.62288E-07
2124,8.789425028,1.62396E-07
2125,8.785567349,1.63845E-07
2126,8.796728909,1.59688E-07
2127,8.799490919,1.58675E-07
2128,8.795388614,1.60181E-07
2129,8.797371318,1.59452E-07
2130,8.795934674,1.5998E-07
2131,8.795112106,1.60283E-07
2132,8.794034466,1.60681E-07
2133,8.788846456,1.62612E-07
2134,8.794150532,1.60638E-07
2135,8.798212944,1.59143E-07
2136,8.798544092,1.59022E-07
2137,8.796712251,1.59694E-07
2138,8.788442239,1.62764E-07
2139,8.794363664,1.6056E-07
2140,8.804106674,1.56998E-07
2141,8.80266245,1.57521E-07
2142,8.793072216,1.61038E-07
2143,8.793741553,1.6079E-07
2144,8.799069181,1.58829E-07
2145,8.797973147,1.59231E-07
2146,8.804602926,1.56818E-07
2147,8.800891719,1.58164E-07
2148,8.799454762,1.58688E-07
2149,8.797018958,1.59581E-07
2150,8.795951056,1.59974E-07
2151,8.804785425,1.56753E-07
2152,8.796073974,1.59929E-07
2153,8.802378247,1.57624E-07
2154,8.798413913,1.59069E-07
2155,8.798012825,1.59216E-07
2156,8.806089254,1.56283E-07
2157,8.805303431,1.56566E-07
2158,8.808132478,1.55549E-07
2159,8.807874277,1.55642E-07
2160,8.808844407,1.55294E-07
2161,8.807620719,1.55733E-07
2162,8.804058871,1.57015E-07
2163,8.813064812,1.53793E-07
2164,8.815890004,1.52795E-07
2165,8.816218083,1.5268E-07
2166,8.813401859,1.53673E-07
2167,8.814345857,1.5334E-07
2168,8.811581151,1.54319E-07
2169,8.819957635,1.51371E-07
2170,8.8176329,1.52183E-07
2171,8.813669943,1.53578E-07
2172,8.815663911,1.52875E-07
2173,8.821046231,1.50992E-07
2174,8.819831048,1.51415E-07
2175,8.825644476,1.49402E-07
2176,8.828986119,1.48257E-07
2177,8.826125359,1.49236E-07
2178,8.826643714,1.49058E-07
2179,8.832092348,1.472E-07
2180,8.827905018,1.48626E-07
2181,8.826574455,1.49082E-07
2182,8.829753847,1.47995E-07
2183,8.826363755,1.49154E-07
2184,8.838013342,1.45207E-07
2185,8.831857439,1.4728E-07
2186,8.828089185,1.48563E-07
2187,8.825683135,1.49388E-07
2188,8.838297838,1.45112E-07
2189,8.834828897,1.46275E-07
2190,8.835606734,1.46014E-07
2191,8.834258537,1.46468E-07
2192,8.828983306,1.48258E-07
2193,8.836772613,1.45622E-07
2194,8.834167011,1.46498E-07
2195,8.833123271,1.46851E-07
2196,8.831841003,1.47285E-07
2197,8.831946225,1.47249E-07
2198,8.829430359,1.48105E-07
2199,8.831787395,1.47303E-07
2200,8.829494178,1.48083E-07
2201,8.833399932,1.46757E-07
2202,8.824748972,1.4971E-07
2203,8.838864096,1.44923E-07
2204,8.826633512,1.49062E-07
2205,8.831292834,1.47471E-07
2206,8.829446481,1.48099E-07
2207,8.832979749,1.46899E-07
2208,8.832458773,1.47076E-07
2209,8.825568599,1.49428E-07
2210,8.824316216,1.49859E-07
2211,8.830997815,1.47571E-07
2212,8.828192562,1.48528E-07
2213,8.818750332,1.51792E-07
2214,8.819432532,1.51554E-07
2215,8.822551216,1.5047E-07
2216,8.818544008,1.51864E-07
2217,8.816217443,1.5268E-07
2218,8.818711148,1.51806E-07
2219,8.82312187,1.50272E-07
2220,8.819878036,1.51399E-07
2221,8.810439895,1.54725E-07
2222,8.808713429,1.55341E-07
2223,8.804877425,1.56719E-07
2224,8.806374954,1.5618E-07
2225,8.809262069,1.55145E-07
2226,8.803730522,1.57134E-07
2227,8.801629954,1.57896E-07
2228,8.797582549,1.59374E-07
2229,8.799780059,1.5857E-07
2230,8.799366928,1.58721E-07
2231,8.784818814,1.64127E-07
2232,8.792847851,1.61121E-07
2233,8.784695486,1.64174E-07
2234,8.785296558,1.63947E-07
2235,8.780969316,1.65589E-07
2236,8.779669095,1.66085E-07
2237,8.770758746,1.69528E-07
2238,8.773935659,1.68292E-07
2239,8.770495471,1.69631E-07
2240,8.766940114,1.71025E-07
2241,8.764055031,1.72165E-07
2242,8.763071745,1.72555E-07
2243,8.763481069,1.72393E-07
2244,8.755312135,1.75666E-07
2245,8.749630636,1.77979E-07
2246,8.742266741,1.81023E-07
2247,8.741553472,1.8132E-07
2248,8.739869585,1.82025E-07
2249,8.73848326,1.82607E-07
2250,8.73009562,1.86168E-07
2251,8.731435036,1.85594E-07
2252,8.725739852,1.88044E-07
2253,8.724701197,1.88495E-07
2254,8.724151374,1.88733E-07
2255,8.720123903,1.90492E-07
2256,8.715298753,1.9262E-07
2257,8.714476316,1.92985E-07
2258,8.716111274,1.9226E-07
2259,8.699392872,1.99805E-07
2260,8.6968075,2.00998E-07
2261,8.697755685,2.0056E-07
2262,8.700965177,1.99083E-07
2263,8.691024036,2.03693E-07
2264,8.680769146,2.0856E-07
2265,8.677330727,2.10218E-07
2266,8.669240461,2.1417E-07
2267,8.667848707,2.14858E-07
2268,8.660180252,2.18685E-07
2269,8.65757874,2.19999E-07
2270,8.6550978,2.2126E-07
2271,8.651125186,2.23293E-07
2272,8.641578141,2.28256E-07
2273,8.642982142,2.27519E-07
2274,8.630707878,2.34041E-07
2275,8.630913945,2.3393E-07
2276,8.630894125,2.33941E-07
2277,8.623079554,2.38188E-07
2278,8.62141758,2.39102E-07
2279,8.625631097,2.36793E-07
2280,8.620878573,2.39399E-07
2281,8.604327784,2.48698E-07
2282,8.605696273,2.47916E-07
2283,8.60178568,2.50158E-07
2284,8.598194526,2.52235E-07
2285,8.592788516,2.55394E-07
2286,8.588615173,2.57861E-07
2287,8.587903832,2.58283E-07
2288,8.577739577,2.64399E-07
2289,8.566669441,2.71226E-07
2290,8.567163922,2.70917E-07
2291,8.564762893,2.72419E-07
2292,8.552650382,2.80124E-07
2293,8.559292652,2.75872E-07
2294,8.556842208,2.77433E-07
2295,8.545909701,2.84505E-07
2296,8.534106846,2.92343E-07
2297,8.533131582,2.93001E-07
2298,8.529663443,2.9535E-07
2299,8.530832124,2.94556E-07
2300,8.518476614,3.03056E-07
2301,8.513674764,3.06426E-07
2302,8.512954179,3.06935E-07
2303,8.507310234,3.10949E-07
2304,8.500204426,3.16079E-07
2305,8.492953272,3.21401E-07
2306,8.486618569,3.26123E-07
2307,8.478134218,3.32557E-07
2308,8.47898576,3.31905E-07
2309,8.468122662,3.40312E-07
2310,8.465673343,3.42237E-07
2311,8.455101626,3.5067E-07
2312,8.455696422,3.5019E-07
2313,8.451742134,3.53393E-07
2314,8.450388227,3.54496E-07
2315,8.442914984,3.60649E-07
2316,8.427244075,3.739E-07
2317,8.432875694,3.69083E-07
2318,8.425683873,3.75246E-07
2319,8.421367473,3.78994E-07
2320,8.413427607,3.85987E-07
2321,8.403751743,3.94683E-07
2322,8.399112794,3.98921E-07
2323,8.399322619,3.98729E-07
2324,8.391066077,4.06381E-07
2325,8.386281273,4.10884E-07
2326,8.376591174,4.20154E-07
2327,8.375792219,4.20928E-07
2328,8.365432445,4.3109E-07
2329,8.35524403,4.41322E-07
2330,8.357004801,4.39537E-07
2331,8.348761485,4.47959E-07
2332,8.347673369,4.49083E-07
2333,8.332602596,4.64941E-07
2334,8.333461662,4.64022E-07
2335,8.323447932,4.74845E-07
2336,8.329929302,4.67811E-07
2337,8.304656587,4.95842E-07
2338,8.313540421,4.85802E-07
2339,8.298221854,5.03243E-07
2340,8.300380165,5.00749E-07
2341,8.291387008,5.11226E-07
2342,8.287128035,5.16264E-07
2343,8.275550114,5.30212E-07
2344,8.27679871,5.2869E-07
2345,8.263750913,5.44815E-07
2346,8.254671127,5.56325E-07
2347,8.251433011,5.60489E-07
2348,8.247880857,5.65092E-07
2349,8.242716047,5.71852E-07
2350,8.235205485,5.81828E-07
2351,8.235149963,5.81902E-07
2352,8.221960621,5.99845E-07
2353,8.214464623,6.10289E-07
2354,8.209646503,6.17097E-07
2355,8.20717268,6.20622E-07
2356,8.202373724,6.27518E-07
2357,8.191929996,6.42791E-07
2358,8.183632299,6.55191E-07
2359,8.171308294,6.74049E-07
2360,8.173160222,6.71181E-07
2361,8.164842817,6.84159E-07
2362,8.15980817,6.92137E-07
2363,8.154532104,7.00596E-07
2364,8.147393356,7.12208E-07
2365,8.14295065,7.19531E-07
2366,8.136485986,7.30321E-07
2367,8.128359568,7.44116E-07
2368,8.11576067,7.66019E-07
2369,8.11016156,7.75958E-07
2370,8.106411,7.82689E-07
2371,8.102000666,7.90677E-07
2372,8.095593636,8.02429E-07
2373,8.091773945,8.09517E-07
2374,8.083195625,8.25666E-07
2375,8.078691297,8.34274E-07
2376,8.074522912,8.4232E-07
2377,8.059291576,8.72385E-07
2378,8.059811262,8.71342E-07
2379,8.041511607,9.08842E-07
2380,8.036031563,9.20383E-07
2381,8.03959798,9.12855E-07
2382,8.022697726,9.49079E-07
2383,8.015687734,9.64522E-07
2384,8.015322523,9.65334E-07
2385,8.013007061,9.70494E-07
2386,8.000395702,9.99089E-07
2387,7.999709265,1.00067E-06
2388,7.993687139,1.01464E-06
2389,7.977236036,1.05381E-06
2390,7.976934946,1.05454E-06
2391,7.966864864,1.07928E-06
2392,7.963252988,1.0883E-06
2393,7.952885947,1.11459E-06
2394,7.94431628,1.1368E-06
2395,7.945292387,1.13425E-06
2396,7.937444464,1.15493E-06
2397,7.930676568,1.17307E-06
2398,7.924514509,1.18983E-06
2399,7.913399286,1.22068E-06
2400,7.907009127,1.23877E-06
2401,7.900329654,1.25797E-06
2402,7.897273495,1.26685E-06
2403,7.897923237,1.26496E-06
2404,7.881304365,1.3143E-06
2405,7.881356237,1.31415E-06
2406,7.864535255,1.36604E-06
2407,7.867187146,1.35773E-06
2408,7.854985975,1.39641E-06
2409,7.843836854,1.43273E-06
2410,7.842866692,1.43593E-06
2411,7.834819798,1.46278E-06
2412,7.832634386,1.47016E-06
2413,7.821421891,1.50861E-06
2414,7.807432276,1.558E-06
2415,7.801211809,1.58048E-06
2416,7.807310981,1.55844E-06
2417,7.794965067,1.60337E-06
2418,7.783378358,1.64673E-06
2419,7.779258164,1.66242E-06
2420,7.773437459,1.68486E-06
2421,7.773206811,1.68575E-06
2422,7.758860003,1.74237E-06
2423,7.759585584,1.73946E-06
2424,7.750422623,1.77655E-06
2425,7.734793064,1.84165E-06
2426,7.7349628,1.84093E-06
2427,7.724241863,1.88694E-06
2428,7.72597527,1.87942E-06
2429,7.707666358,1.96035E-06
2430,7.701548555,1.98816E-06
2431,7.696705947,2.01045E-06
2432,7.692661731,2.02926E-06
2433,7.686944926,2.05615E-06
2434,7.678772304,2.09521E-06
2435,7.676551653,2.10595E-06
2436,7.665109402,2.16217E-06
2437,7.653893593,2.21874E-06
2438,7.652924119,2.2237E-06
2439,7.647036087,2.25405E-06
2440,7.639255483,2.2948E-06
2441,7.640565583,2.28789E-06
2442,7.631589109,2.33567E-06
2443,7.613308205,2.43608E-06
2444,7.606762946,2.47307E-06
2445,7.613974429,2.43235E-06
2446,7.592768649,2.55406E-06
2447,7.591968947,2.55877E-06
2448,7.585670951,2.59615E-06
2449,7.58481942,2.60124E-06
2450,7.579462053,2.63353E-06
2451,7.561034389,2.74768E-06
2452,7.563389787,2.73281E-06
2453,7.555369863,2.78375E-06
2454,7.546593596,2.84058E-06
2455,7.54990553,2.819E-06
2456,7.528637638,2.96048E-06
2457,7.518678306,3.02916E-06
2458,7.521154023,3.01194E-06
2459,7.507788749,3.10607E-06
2460,7.512703268,3.07112E-06
2461,7.50724537,3.10996E-06
2462,7.49453569,3.20232E-06
2463,7.48725173,3.25648E-06
2464,7.478647987,3.32164E-06
2465,7.476714622,3.33646E-06
2466,7.466684293,3.41441E-06
2467,7.47162262,3.37581E-06
2468,7.457512365,3.48729E-06
2469,7.448300787,3.56204E-06
2470,7.437484847,3.65187E-06
2471,7.435104671,3.67194E-06
2472,7.434911077,3.67358E-06
2473,7.429998908,3.71536E-06
2474,7.415256451,3.84365E-06
2475,7.413903243,3.85564E-06
2476,7.409412639,3.89572E-06
2477,7.40236214,3.95948E-06
2478,7.390970688,4.06471E-06
2479,7.38466289,4.12418E-06
2480,7.38570415,4.1143E-06
2481,7.373101294,4.23544E-06
2482,7.365167691,4.31352E-06
2483,7.371418615,4.25188E-06
2484,7.356150259,4.40402E-06
2485,7.351273278,4.45376E-06
2486,7.343544022,4.53373E-06
2487,7.334868958,4.62521E-06
2488,7.329767727,4.67985E-06
2489,7.320966152,4.77566E-06
2490,7.31736221,4.81546E-06
2491,7.316591773,4.82401E-06
2492,7.305904927,4.94419E-06
2493,7.305728577,4.9462E-06
2494,7.29840286,5.03034E-06
2495,7.30128716,4.99704E-06
2496,7.286598791,5.16894E-06
2497,7.287884681,5.15365E-06
2498,7.278034924,5.27187E-06
2499,7.26502379,5.43221E-06
2500,7.269931636,5.37116E-06
2501,7.261043253,5.48222E-06
2502,7.251247842,5.60728E-06
2503,7.250957692,5.61103E-06
2504,7.249625252,5.62827E-06
2505,7.238739657,5.77112E-06
2506,7.236562151,5.80013E-06
2507,7.234638995,5.82587E-06
2508,7.224100548,5.96897E-06
2509,7.220494336,6.01874E-06
2510,7.218168991,6.05105E-06
2511,7.203237731,6.26271E-06
2512,7.206377747,6.21759E-06
2513,7.199753288,6.31316E-06
2514,7.183734884,6.55036E-06
2515,7.18649634,6.50884E-06
2516,7.174904171,6.68491E-06
2517,7.176546947,6.65968E-06
2518,7.166184604,6.82049E-06
2519,7.165221126,6.83564E-06
2520,7.163458681,6.86343E-06
2521,7.156796871,6.96952E-06
2522,7.146671796,7.13392E-06
2523,7.14506743,7.16032E-06
2524,7.139018661,7.26075E-06
2525,7.135610876,7.31794E-06
2526,7.134773697,7.33206E-06
2527,7.123898617,7.51798E-06
2528,7.118379417,7.61414E-06
2529,7.105864687,7.83674E-06
2530,7.103106118,7.88667E-06
2531,7.101990321,7.90696E-06
2532,7.102389745,7.89969E-06
2533,7.095510246,8.02583E-06
2534,7.087928381,8.16717E-06
2535,7.085895833,8.20548E-06
2536,7.07297419,8.45329E-06
2537,7.07674554,8.3802E-06
2538,7.074765508,8.4185E-06
2539,7.064943893,8.61105E-06
2540,7.063099955,8.64769E-06
2541,7.05773992,8.75508E-06
2542,7.041063986,9.09779E-06
2543,7.039448625,9.13169E-06
2544,7.04150563,9.08855E-06
2545,7.030182833,9.32861E-06
2546,7.02624033,9.41369E-06
2547,7.028784817,9.35869E-06
2548,7.020952193,9.52901E-06
2549,7.016592253,9.62516E-06
2550,7.013354934,9.69717E-06
2551,7.006541838,9.8505E-06
2552,6.997953853,1.00472E-05
2553,6.99097414,1.021E-05
2554,6.983133757,1.0396E-05
2555,6.98060874,1.04566E-05
2556,6.97412086,1.0614E-05
2557,6.973006945,1.06413E-05
2558,6.970191092,1.07105E-05
2559,6.971471429,1.0679E-05
2560,6.965800066,1.08193E-05
2561,6.952856798,1.11466E-05
2562,6.953999988,1.11173E-05
2563,6.950983448,1.11948E-05
2564,6.936489847,1.15747E-05
2565,6.931852384,1.1699E-05
2566,6.927987815,1.18035E-05
2567,6.921591374,1.19787E-05
2568,6.921662519,1.19767E-05
2569,6.918287655,1.20701E-05
2570,6.910855611,1.22785E-05
2571,6.905842752,1.2421E-05
2572,6.899134825,1.26144E-05
2573,6.890692168,1.2862E-05
2574,6.891762517,1.28303E-05
2575,6.886952036,1.29732E-05
2576,6.875010634,1.33349E-05
2577,6.877012748,1.32736E-05
2578,6.868806589,1.35267E-05
2579,6.86789622,1.35551E-05
2580,6.855462783,1.39488E-05
2581,6.860993241,1.37723E-05
2582,6.851845359,1.40655E-05
2583,6.843067438,1.43527E-05
2584,6.836574209,1.45689E-05
2585,6.829744089,1.47998E-05
2586,6.832912174,1.46922E-05
2587,6.827084965,1.48907E-05
2588,6.818327739,1.5194E-05
2589,6.815119996,1.53066E-05
2590,6.80825017,1.55507E-05
2591,6.809325247,1.55122E-05
2592,6.799286695,1.5875E-05
2593,6.798060281,1.59199E-05
2594,6.786508708,1.6349E-05
2595,6.782626392,1.64958E-05
2596,6.778662473,1.66471E-05
2597,6.773586749,1.68428E-05
2598,6.760251448,1.73679E-05
2599,6.758696252,1.74303E-05
2600,6.756106337,1.75345E-05
2601,6.746344079,1.79331E-05
2602,6.748009577,1.78645E-05
2603,6.74144244,1.81367E-05
2604,6.737392382,1.83066E-05
2605,6.727084425,1.87463E-05
2606,6.720133585,1.90487E-05
2607,6.716690211,1.92004E-05
2608,6.709012157,1.95428E-05
2609,6.708201193,1.95794E-05
2610,6.697318815,2.00762E-05
2611,6.701695856,1.98749E-05
2612,6.695182842,2.01752E-05
2613,6.6869381,2.05618E-05
2614,6.680554578,2.08663E-05
2615,6.679575065,2.09134E-05
2616,6.675012706,2.11343E-05
2617,6.664357246,2.16592E-05
2618,6.659018852,2.19271E-05
2619,6.656125073,2.20737E-05
2620,6.647209211,2.25315E-05
2621,6.638826096,2.29707E-05
2622,6.633371268,2.3261E-05
2623,6.638705555,2.29771E-05
2624,6.634037392,2.32254E-05
2625,6.62501577,2.37129E-05
2626,6.623471601,2.37973E-05
2627,6.621162255,2.39242E-05
2628,6.614614301,2.42877E-05
2629,6.609088471,2.45987E-05
2630,6.591562939,2.56116E-05
2631,6.585812942,2.5953E-05
2632,6.591171814,2.56347E-05
2633,6.585782637,2.59548E-05
2634,6.575382671,2.65838E-05
2635,6.572917422,2.67351E-05
2636,6.569682049,2.69351E-05
2637,6.565843105,2.71742E-05
2638,6.561697199,2.74349E-05
2639,6.555475313,2.78307E-05
2640,6.549015677,2.82478E-05
2641,6.541912331,2.87136E-05
2642,6.543396113,2.86157E-05
2643,6.531364638,2.94195E-05
2644,6.532391856,2.935E-05
2645,6.526981221,2.97179E-05
2646,6.525038434,2.98512E-05
2647,6.519486832,3.02352E-05
2648,6.515105825,3.05418E-05
2649,6.510104129,3.08955E-05
2650,6.499759172,3.16403E-05
2651,6.491228773,3.22679E-05
2652,6.496215121,3.18996E-05
2653,6.483387265,3.28559E-05
2654,6.483093721,3.28781E-05
2655,6.472249551,3.37094E-05
2656,6.475088944,3.34897E-05
2657,6.473679781,3.35985E-05
2658,6.466692335,3.41435E-05
2659,6.46895403,3.39661E-05
2660,6.467206829,3.4103E-05
2661,6.463649131,3.43836E-05
2662,6.460892948,3.46025E-05
2663,6.449848204,3.54937E-05
2664,6.450775814,3.5418E-05
2665,6.446551383,3.57642E-05
2666,6.446752023,3.57477E-05
2667,6.440531004,3.62634E-05
2668,6.435580279,3.66792E-05
2669,6.436769444,3.65789E-05
2670,6.429814425,3.71694E-05
2671,6.432946755,3.69023E-05
2672,6.4292925,3.72141E-05
2673,6.41961237,3.80529E-05
2674,6.410624334,3.88486E-05
2675,6.419442201,3.80678E-05
2676,6.415534104,3.84119E-05
2677,6.401379835,3.96844E-05
2678,6.399963409,3.98141E-05
2679,6.39557225,4.02187E-05
2680,6.393925029,4.03715E-05
2681,6.396045234,4.01749E-05
2682,6.389916121,4.07459E-05
2683,6.382257661,4.14708E-05
2684,6.377822285,4.18965E-05
2685,6.379903549,4.16962E-05
2686,6.382552261,4.14427E-05
2687,6.371369558,4.25236E-05
2688,6.376720032,4.2003E-05
2689,6.376929632,4.19827E-05
2690,6.368803957,4.27756E-05
2691,6.369464023,4.27106E-05
2692,6.369412287,4.27157E-05
2693,6.36243912,4.34071E-05
2694,6.368183046,4.28368E-05
2695,6.366561136,4.29971E-05
2696,6.362079827,4.3443E-05
2697,6.359200404,4.3732E-05
2698,6.356215822,4.40336E-05
2699,6.359330075,4.3719E-05
2700,6.355189355,4.41378E-05
2701,6.361108273,4.35403E-05
2702,6.352134268,4.44494E-05
2703,6.358901516,4.37621E-05
2704,6.3703225,4.26263E-05
2705,6.361632791,4.34878E-05
2706,6.358600709,4.37925E-05
2707,6.357566844,4.38968E-05
2708,6.366304986,4.30224E-05
2709,6.370380083,4.26206E-05
2710,6.370649402,4.25942E-05
2711,6.367380913,4.2916E-05
2712,6.373166744,4.2348E-05
2713,6.374060431,4.2261E-05
2714,6.365040263,4.31479E-05
2715,6.382570342,4.14409E-05
2716,6.370746933,4.25846E-05
2717,6.394157087,4.03499E-05
2718,6.396022356,4.0177E-05
2719,6.394103501,4.03549E-05
2720,6.397039489,4.0083E-05
2721,6.407956783,3.9088E-05
2722,6.406925526,3.91809E-05
2723,6.410191747,3.88873E-05
2724,6.426587651,3.74466E-05
2725,6.41532656,3.84303E-05
2726,6.429742038,3.71756E-05
2727,6.433064036,3.68923E-05
2728,6.438364163,3.64448E-05
2729,6.452247957,3.52982E-05
2730,6.45501339,3.50741E-05
2731,6.466722142,3.41411E-05
2732,6.466695195,3.41432E-05
2733,6.486592901,3.26142E-05
2734,6.50114212,3.15397E-05
2735,6.497965043,3.17713E-05
2736,6.527685553,2.96698E-05
2737,6.537626848,2.89983E-05
2738,6.55198315,2.80554E-05
2739,6.575858427,2.65547E-05
2740,6.595290537,2.53927E-05
2741,6.613637821,2.43423E-05
2742,6.636416924,2.30985E-05
2743,6.660809681,2.18369E-05
2744,6.678408861,2.09696E-05
2745,6.706097724,1.96744E-05
2746,6.728390136,1.869E-05
2747,6.759330621,1.74048E-05
2748,6.783866118,1.64488E-05
2749,6.821450509,1.50851E-05
2750,6.855591609,1.39447E-05
2751,6.893706203,1.2773E-05
2752,6.933511712,1.16544E-05
2753,6.972922023,1.06433E-05
2754,7.01023998,9.76697E-06
2755,7.063865601,8.63246E-06
2756,7.109492419,7.77155E-06
2757,7.148918642,7.09711E-06
2758,7.207670557,6.19911E-06
2759,7.259915589,5.49648E-06
2760,7.32377108,4.74492E-06
2761,7.394917218,4.02794E-06
2762,7.454504051,3.51153E-06
2763,7.51851929,3.03027E-06
2764,7.599213035,2.51644E-06
2765,7.672243331,2.12695E-06
2766,7.753884517,1.76244E-06
2767,7.813545279,1.53622E-06
2768,7.890293352,1.28738E-06
2769,7.96166637,1.09228E-06
2770,8.026985188,9.39755E-07
2771,8.096366161,8.01002E-07
2772,8.188428554,6.47995E-07
2773,8.266447084,5.41443E-07
2774,8.353388735,4.43212E-07
2775,8.427386766,3.73778E-07
2776,8.508090101,3.10392E-07
2777,8.582669974,2.61415E-07
2778,8.673427831,2.12115E-07
2779,8.762224732,1.72892E-07
2780,8.85597337,1.39324E-07
2781,8.944175506,1.13717E-07
2782,9.032644718,9.27588E-08
2783,9.119478136,7.5949E-08
2784,9.211908628,6.13891E-08
2785,9.314585296,4.84635E-08
2786,9.416136978,3.83586E-08
2787,9.510967934,3.08342E-08
2788,9.609413463,2.45803E-08
2789,9.702514674,1.98374E-08
2790,9.786724754,1.63409E-08
2791,9.874699554,1.33444E-08
2792,9.96890939,1.07421E-08
2793,10.05780713,8.75372E-09
2794,10.15161239,7.05322E-09
2795,10.24092777,5.74212E-09
2796,10.32137914,4.77113E-09
2797,10.42458812,3.76194E-09
2798,10.50341778,3.13749E-09
2799,10.60570786,2.47909E-09
2800,10.68412831,2.06953E-09
2801,10.77287532,1.68704E-09
2802,10.86475113,1.36537E-09
2803,10.95912943,1.09868E-09
2804,11.0489139,8.93483E-10
2805,11.14650273,7.1367E-10
2806,11.23683491,5.79649E-10
2807,11.31890471,4.79839E-10
2808,11.41374126,3.85708E-10
2809,11.49894445,3.16997E-10
2810,11.59061818,2.56674E-10
2811,11.68536191,2.06366E-10
2812,11.75839847,1.74422E-10
2813,11.84440813,1.43084E-10
2814,11.92522253,1.18789E-10
2815,11.99926034,1.0017E-10
2816,12.08562255,8.21065E-11
2817,12.15341342,7.02403E-11
2818,12.24155741,5.7338E-11
2819,12.3126881,4.86757E-11
2820,12.38938094,4.07961E-11
2821,12.45339952,3.52047E-11
2822,12.51697668,3.04105E-11
2823,12.59309947,2.55212E-11
2824,12.64950319,2.24128E-11
2825,12.71702404,1.91856E-11
2826,12.79769126,1.59334E-11
2827,12.86586873,1.36186E-11
2828,12.8882356,1.29349E-11
2829,12.99434762,1.0131E-11
2830,13.05607804,8.78865E-12
2831,13.08143863,8.29013E-12
2832,13.18607659,6.51513E-12
2833,13.16084536,6.90486E-12
2834,13.26409435,5.44384E-12
2835,13.34047425,4.56589E-12
2836,13.36329817,4.33213E-12
2837,13.39862595,3.99369E-12
2838,13.46536541,3.4248E-12
2839,13.54292353,2.86468E-12
2840,13.54352805,2.8607E-12
2841,13.59452935,2.54373E-12
2842,13.63196958,2.33362E-12
2843,13.66335066,2.17095E-12
2844,13.77856392,1.66508E-12
2845,13.77472426,1.67987E-12
2846,13.7994956,1.58674E-12
2847,13.8543664,1.39841E-12
2848,13.90814701,1.23553E-12
2849,13.8159193,1.52785E-12
2850,13.79938587,1.58714E-12
2851,13.87946194,1.31989E-12
2852,13.9947433,1.01218E-12
2853,14.05125154,8.88686E-13
2854,13.95443778,1.11061E-12
2855,14.05504995,8.80948E-13
2856,14.13111052,7.39417E-13
2857,14.08546548,8.21362E-13
2858,14.09651749,8.00723E-13
2859,14.14933616,7.09029E-13
2860,14.16049874,6.91037E-13
2861,14.18984862,6.45879E-13
2862,14.26029983,5.49162E-13
2863,14.25222969,5.59462E-13
2864,14.21735192,6.06245E-13
2865,14.28577983,5.17869E-13
2866,14.22328718,5.98016E-13
2867,14.30683201,4.93365E-13
2868,14.36634515,4.30185E-13
2869,14.34745186,4.49312E-13
2870,14.42604639,3.74933E-13
2871,14.34126317,4.55761E-13
2872,14.33698762,4.6027E-13
2873,14.42528371,3.75592E-13
2874,14.31144531,4.88152E-13
2875,14.43095596,3.70718E-13
2876,14.40647123,3.92219E-13
2877,14.37853231,4.18281E-13
2878,14.43397758,3.68148E-13
2879,14.50077034,3.15667E-13
2880,14.45627993,3.4972E-13
2881,14.61503255,2.42643E-13
2882,14.39249543,4.05046E-13
2883,14.57716844,2.64747E-13
2884,14.54561429,2.84699E-13
2885,14.54228143,2.86892E-13
2886,14.48915185,3.24226E-13
2887,14.60788059,2.46672E-13
2888,14.53139787,2.94173E-13
2889,14.48264403,3.29121E-13
2890,14.49417042,3.20501E-13
2891,14.51331809,3.06677E-13
2892,14.56086342,2.74876E-13
2893,14.59002615,2.57024E-13
2894,14.61440142,2.42996E-13
2895,14.53975534,2.88566E-13
2896,14.85188808,1.40641E-13
2897,14.65209544,2.22795E-13
2898,14.66403529,2.16753E-13
2899,14.63351654,2.32532E-13
2900,14.53226305,2.93587E-13
2901,14.54655622,2.84082E-13
2902,14.646543,2.25661E-13
2903,14.54864981,2.82716E-13
2904,14.67885547,2.09481E-13
2905,14.57253797,2.67585E-13
2906,14.79226273,1.61338E-13
2907,14.65812124,2.19725E-13
2908,14.73962633,1.82127E-13
2909,14.63988738,2.29146E-13
2910,14.6372044,2.30566E-13
2911,14.7270561,1.87475E-13
2912,14.711183,1.94454E-13
2913,14.65886668,2.19348E-13
2914,14.60798775,2.46611E-13
2915,14.63310832,2.32751E-13
2916,14.56662851,2.71251E-13
2917,14.71001617,1.94977E-13
2918,14.60516709,2.48218E-13
2919,14.69251427,2.02995E-13
2920,14.75701912,1.74977E-13
2921,14.62068048,2.39508E-13
2922,14.49907353,3.16903E-13
2923,14.76445984,1.72005E-13
2924,14.65995741,2.18798E-13
2925,14.58758178,2.58475E-13
2926,14.63757221,2.30371E-13
2927,14.63935988,2.29425E-13
2928,14.70434874,1.97538E-13
2929,14.6521296,2.22777E-13
2930,14.65459026,2.21518E-13
2931,14.65741637,2.20082E-13
2932,14.66461016,2.16466E-13
2933,14.60952673,2.45739E-13
2934,14.70285257,1.9822E-13
2935,14.6777275,2.10026E-13
2936,14.73133724,1.85636E-13
2937,14.68145822,2.08229E-13
2938,14.68454745,2.06753E-13
2939,14.58057356,2.6268E-13
2940,14.63501343,2.31732E-13
2941,14.9287922,1.17817E-13
2942,14.57531756,2.65878E-13
2943,14.61835969,2.40791E-13
2944,14.63709573,2.30624E-13
2945,14.73024802,1.86102E-13
2946,14.73958668,1.82143E-13
2947,14.64056587,2.28788E-13
2948,14.57419998,2.66563E-13
2949,14.5753803,2.6584E-13
2950,14.54958923,2.82105E-13
2951,14.56340991,2.73269E-13
2952,14.66700604,2.15275E-13
2953,14.59038235,2.56813E-13
2954,14.55866538,2.76271E-13
2955,14.5803321,2.62826E-13
2956,14.48310702,3.28771E-13
2957,14.56767153,2.706E-13
2958,14.56296537,2.73549E-13
2959,14.6013409,2.50414E-13
2960,14.55142807,2.80913E-13
2961,14.49080929,3.22991E-13
2962,14.55287861,2.79976E-13
2963,14.56713245,2.70937E-13
2964,14.61804821,2.40964E-13
2965,14.55983342,2.75529E-13
2966,14.50279803,3.14197E-13
2967,14.50382366,3.13456E-13
2968,14.56816826,2.70291E-13
2969,14.53682194,2.90521E-13
2970,14.53490759,2.91805E-13
2971,14.54740888,2.83525E-13
2972,14.55557238,2.78245E-13
2973,14.44181595,3.61563E-13
2974,14.49477823,3.20053E-13
2975,14.41304244,3.86329E-13
2976,14.48567621,3.26831E-13
2977,14.41018684,3.88878E-13
2978,14.49791622,3.17749E-13
2979,14.45665806,3.49415E-13
2980,14.49323017,3.21196E-13
2981,14.43176736,3.70026E-13
2982,14.3781461,4.18653E-13
2983,14.3821833,4.14779E-13
2984,14.51286554,3.06997E-13
2985,14.55439256,2.79002E-13
2986,14.41859368,3.81423E-13
2987,14.50373662,3.13519E-13
2988,14.35493063,4.41641E-13
2989,14.45325568,3.52163E-13
2990,14.40423747,3.94242E-13
2991,14.51447575,3.05861E-13
2992,14.38678039,4.10412E-13
2993,14.41388496,3.8558E-13
2994,14.40090446,3.97279E-13
2995,14.524313,2.99011E-13
2996,14.35166753,4.44972E-13
2997,14.425379,3.7551E-13
2998,14.28144991,5.23058E-13
2999,14.34910193,4.47608E-13
3000,14.48400874,3.28089E-13